DateTime ,time,jck_mm ,jck_mx ,jck_mn ,jck_sp ,jck_pp,Notes
2022-01-01,12:00:00,-0.77,10.2,-12.7,4.18,0,
2022-01-02,12:00:00,2.83,10.1,-7.5,4.11,0,
2022-01-03,12:00:00,11.38,25.8,-4.6,4.3,0,
2022-01-04,12:00:00,20.83,24.6,17.3,4.62,0.36,
2022-01-05,12:00:00,20.54,24.3,16.5,5.24,0.61,
2022-01-06,12:00:00,23.7,31.9,15.7,5.76,0.71,
2022-01-07,12:00:00,32.37,36.6,29.8,6.01,0.06,
2022-01-08,12:00:00,21.9,29.7,6.1,5.91,0.04,
2022-01-09,12:00:00,5.16,19.3,-6.9,5.83,0,
2022-01-10,12:00:00,-3.82,14.2,-14.5,5.71,0,
2022-01-11,12:00:00,-2.76,11.8,-15.5,5.85,0,
2022-01-12,12:00:00,14.49,32,0.9,5.87,0,
2022-01-13,12:00:00,7.13,18.3,-3.4,5.87,0,
2022-01-14,12:00:00,17.84,34.7,4,5.91,0,
2022-01-15,12:00:00,6.76,17.6,-5.9,5.92,0,
2022-01-16,12:00:00,10.89,30.2,1.1,5.85,0,
2022-01-17,12:00:00,7,19.3,-5,5.9,0,
2022-01-18,12:00:00,13.96,28.7,1.2,5.98,0,
2022-01-19,12:00:00,18.83,29,3.5,5.94,0,
2022-01-20,12:00:00,10.62,18.9,-2.2,6.32,0.3,
2022-01-21,12:00:00,16.91,32.5,2.6,6.17,0,
2022-01-22,12:00:00,11.75,27,0.8,6.18,0,
2022-01-23,12:00:00,3.87,22,-6,6.18,0,
2022-01-24,12:00:00,7.93,22.2,-6,6.39,0.04,
2022-01-25,12:00:00,11.13,29.6,-1.9,6.21,0,
2022-01-26,12:00:00,1.73,21.2,-10.2,6.16,0,
2022-01-27,12:00:00,2.87,21.9,-8.9,6.14,0,
2022-01-28,12:00:00,-2.97,19.8,-17.8,6.14,0,
2022-01-29,12:00:00,-2.1,21,-17.9,6.16,0,
2022-01-30,12:00:00,-0.83,24.4,-17.3,6.24,0,
2022-01-31,12:00:00,12.98,28.7,-8.4,6.49,0.02,
2022-02-01,12:00:00,5.91,18.2,-4,6.36,0,
2022-02-02,12:00:00,-3.65,15,-18.5,6.23,0,
2022-02-03,12:00:00,-2.43,12.3,-17.9,6.41,0,
2022-02-04,12:00:00,7.83,22.5,-6.8,6.44,0,
2022-02-05,12:00:00,18.06,30.1,5.4,6.5,0,
2022-02-06,12:00:00,10.53,26,-1.2,6.44,0,
2022-02-07,12:00:00,6.58,29.2,-10,6.44,0,
2022-02-08,12:00:00,14.88,36.1,-4.3,6.57,0,
2022-02-09,12:00:00,27.14,36.7,20.4,6.43,0,
2022-02-10,12:00:00,26.6,39.7,17.4,6.58,0,
2022-02-11,12:00:00,21.47,32,8.6,6.59,0,
2022-02-12,12:00:00,12.04,33.1,-2.4,6.47,0,
2022-02-13,12:00:00,11,33.8,-6,6.48,0,
2022-02-14,12:00:00,18.51,40.5,-4.2,6.65,0,
2022-02-15,12:00:00,27.81,33.4,23.1,6.64,0.03,
2022-02-16,12:00:00,21.68,27.6,14.1,6.55,0,
2022-02-17,12:00:00,18.68,29.9,7.8,6.65,0,
2022-02-18,12:00:00,24.74,36.6,12.8,6.6,0,
2022-02-19,12:00:00,22.55,39.8,2.9,6.71,0,
2022-02-20,12:00:00,32.6,37.9,25.8,6.91,0.1,
2022-02-21,12:00:00,18.25,25.8,4.5,6.93,0.03,
2022-02-22,12:00:00,3.27,13.8,-3.8,6.75,0,
2022-02-23,12:00:00,-1.38,21.5,-20.1,6.7,0,
2022-02-24,12:00:00,0.97,13.5,-14.2,6.84,0,
2022-02-25,12:00:00,2.52,18.5,-10.2,6.69,0,
2022-02-26,12:00:00,-2.61,19.7,-22.5,6.7,0,
2022-02-27,12:00:00,2.88,25.7,-16.5,6.8,0,
2022-02-28,12:00:00,25.43,44.8,0.5,6.86,0,
2022-03-01,12:00:00,38.15,47.6,29.5,7.01,0,
2022-03-02,12:00:00,36.09,52.4,23.6,7.01,0,
2022-03-03,12:00:00,34.94,52.7,21.3,7.11,0,
2022-03-04,12:00:00,30.53,44.1,17.1,7.03,0,
2022-03-05,12:00:00,28.5,33.2,19.6,7.17,0.15,
2022-03-06,12:00:00,18.24,26.5,5.8,7.21,0.01,
2022-03-07,12:00:00,9.84,26.4,-7.7,7.23,0,
2022-03-08,12:00:00,16.73,24.4,8.2,7.71,0.35,
2022-03-09,12:00:00,6.79,15.3,-9.4,7.32,0,
2022-03-10,12:00:00,-4.43,14.4,-25.5,7.28,0,
2022-03-11,12:00:00,11.08,27.2,-5.2,7.54,0,
2022-03-12,12:00:00,29.04,41.1,17.8,7.53,0,
2022-03-13,12:00:00,28.3,33.4,22.3,7.68,0.21,
2022-03-14,12:00:00,23.08,39.6,5.2,7.79,0,
2022-03-15,12:00:00,26.89,42.1,13.3,7.81,0.02,
2022-03-16,12:00:00,29.84,35.3,18.7,8,0.15,
2022-03-17,12:00:00,19.24,38.3,1.5,8.01,0,
2022-03-18,12:00:00,22.78,38.7,7.1,8.11,0.02,
2022-03-19,12:00:00,31.11,47,16.6,8.21,0,
2022-03-20,12:00:00,30.72,35,21.6,8.35,0.19,
2022-03-21,12:00:00,19.32,35.2,2.6,8.3,0,
2022-03-22,12:00:00,27.06,39.6,15.8,8.52,0,
2022-03-23,12:00:00,28.18,49.2,10.2,8.39,0,
2022-03-24,12:00:00,35.56,50.7,20.8,8.22,0,
2022-03-25,12:00:00,37.41,52.3,22.2,8.14,0,
2022-03-26,12:00:00,40.06,57.2,26.5,7.91,0,
2022-03-27,12:00:00,37.69,58.1,21.3,7.61,0,
2022-03-28,12:00:00,41.02,56.9,26.9,7.48,0,
2022-03-29,12:00:00,37.51,44.5,27.6,7.18,0,
2022-03-30,12:00:00,30.57,47.9,16.3,6.88,0,
2022-03-31,12:00:00,29.94,38.7,22.2,6.87,0.02,
2022-04-01,12:00:00,30.83,40.5,20.7,6.66,0,
2022-04-02,12:00:00,32.26,46.7,17,6.45,0,
2022-04-03,12:00:00,32.71,49.3,20.4,6.27,0,
2022-04-04,12:00:00,30.88,39.5,20.2,6.74,0.35,
2022-04-05,12:00:00,25.12,35.4,19.3,6.8,0.18,
2022-04-06,12:00:00,23.68,36.2,8.3,6.78,0,
2022-04-07,12:00:00,27.99,48.8,8.6,6.67,0,
2022-04-08,12:00:00,36.64,57.7,16.2,6.47,0,
2022-04-09,12:00:00,35.58,47.5,23.4,6.43,0.16,
2022-04-10,12:00:00,21.72,26.1,16.2,6.58,0.22,
2022-04-11,12:00:00,24.67,31.6,18.5,6.97,0.4,
2022-04-12,12:00:00,18.36,24.1,11.2,7,0.12,
2022-04-13,12:00:00,12,26.2,-4.9,7.29,0,
2022-04-14,12:00:00,21.86,28.9,12.1,7.65,0.4,
2022-04-15,12:00:00,28.23,32.1,25.9,7.66,0.03,
2022-04-16,12:00:00,29.71,45.8,18.6,7.92,0.35,
2022-04-17,12:00:00,28.88,33.2,22.9,8.06,0.04,
2022-04-18,12:00:00,36.26,53.5,21.3,7.9,0,
2022-04-19,12:00:00,33.36,43.2,27.8,7.96,0.09,
2022-04-20,12:00:00,34.29,44.6,28.1,7.95,0,
2022-04-21,12:00:00,36.71,52,25.4,7.62,0,
2022-04-22,12:00:00,35.93,42.2,30.1,7.24,0.06,
2022-04-23,12:00:00,32.63,39.4,28.5,6.98,0.03,
2022-04-24,12:00:00,33.57,43.5,26.7,6.87,0,
2022-04-25,12:00:00,33.11,49.3,18.7,6.27,0,
2022-04-26,12:00:00,36.94,54.1,21.7,5.61,0,
2022-04-27,12:00:00,35.15,49.7,24.2,5.11,0.13,
2022-04-28,12:00:00,32.5,38.8,26.6,5.2,0.31,
2022-04-29,12:00:00,33.16,39.4,29.6,4.92,0.02,
2022-04-30,12:00:00,36.12,49.1,26.4,4.17,0,
2022-05-01,12:00:00,39.11,53.2,32.4,3.61,0.5,
2022-05-02,12:00:00,38.77,53.5,32.2,2.68,0,
2022-05-03,12:00:00,33.17,36.7,29.8,2.8,0.34,
2022-05-04,12:00:00,41.36,52.6,30.9,1.87,0.01,
2022-05-05,12:00:00,43.39,59.5,26.8,0.71,0,
2022-05-06,12:00:00,47.01,54.1,38.4,-0.12,0.06,
2022-05-07,12:00:00,42.43,48.5,35.7,-0.27,0,
2022-05-08,12:00:00,34.21,40.5,28.4,-0.28,0.11,
2022-05-09,12:00:00,27.1,32.2,22.2,-0.28,0.05,
2022-05-10,12:00:00,30.25,44.1,18,-0.26,0,
2022-05-11,12:00:00,37.81,55.9,21.5,-0.28,0,
2022-05-12,12:00:00,37.81,43.5,33.1,-0.3,0.09,
2022-05-13,12:00:00,40.6,48.6,32,-0.26,0.1,
2022-05-14,12:00:00,43.09,50.4,36.8,-0.26,0.12,
2022-05-15,12:00:00,46.89,68,30.1,-0.36,0,
2022-05-16,12:00:00,51.27,69.4,35.2,-0.36,0,
2022-05-17,12:00:00,49.52,63.6,36,-0.24,0,
2022-05-18,12:00:00,47.28,62,29.1,-0.38,0,
2022-05-19,12:00:00,40.37,54.6,26.7,-0.3,0.09,
2022-05-20,12:00:00,34.09,43.3,24.9,-0.19,0,
2022-05-21,12:00:00,34.07,46.1,20.7,-0.31,0,
2022-05-22,12:00:00,36.62,48.8,27.5,0.09,0.42,
2022-05-23,12:00:00,39.12,52.3,26.8,-0.17,0.01,
2022-05-24,12:00:00,39.03,51,28.9,-0.2,0,
2022-05-25,12:00:00,45.67,63.4,28.2,-0.34,0,
2022-05-26,12:00:00,51.62,72.7,30.9,-0.33,0.03,
2022-05-27,12:00:00,54.21,65.9,43.4,-0.32,0.02,
2022-05-28,12:00:00,45.33,51.6,41.1,-0.35,0.63,
2022-05-29,12:00:00,37.98,44,34.1,-0.3,0.21,
2022-05-30,12:00:00,36.65,41.9,32.4,-0.22,0.4,
2022-05-31,12:00:00,40.1,49,34.4,-0.3,0.07,
2022-06-01,12:00:00,45.13,59.3,33.3,-0.22,0,
2022-06-02,12:00:00,48.69,65.7,31.8,-0.38,0,
2022-06-03,12:00:00,54.28,67.4,39.4,-0.34,0.01,
2022-06-04,12:00:00,49.47,64.4,37.5,-0.34,0.07,
2022-06-05,12:00:00,48.38,58.7,40.4,-0.33,0.13,
2022-06-06,12:00:00,48.69,58.2,40.6,-0.37,0.12,
2022-06-07,12:00:00,47.12,59.5,33.4,-0.35,0,
2022-06-08,12:00:00,49.76,65.4,31.9,-0.39,0,
2022-06-09,12:00:00,55.71,69.2,40.4,-0.34,0,
2022-06-10,12:00:00,58.31,72.7,39.5,-0.49,0,
2022-06-11,12:00:00,60,71.3,44.4,-0.45,0,
2022-06-12,12:00:00,53.84,63.1,49.9,-0.35,0.27,
2022-06-13,12:00:00,45.6,51.8,37,-0.33,0.4,
2022-06-14,12:00:00,38.74,46.1,31.6,-0.35,0.01,
2022-06-15,12:00:00,45.17,60.2,31.9,-0.37,0,
2022-06-16,12:00:00,54.99,79.4,31.1,-0.4,0,
2022-06-17,12:00:00,61.13,83.4,39.4,-0.48,0,
2022-06-18,12:00:00,62.84,75.2,50.5,-0.42,0.15,
2022-06-19,12:00:00,48.02,55.2,40.1,-0.36,0.58,
2022-06-20,12:00:00,41.44,50.9,33.8,-0.21,0.06,
2022-06-21,12:00:00,48,66.5,32.6,-0.36,0,
2022-06-22,12:00:00,53.39,72.9,34,-0.39,0,
2022-06-23,12:00:00,57.46,73.8,38.5,-0.46,0,
2022-06-24,12:00:00,58.11,69,45.7,-0.43,0.01,
2022-06-25,12:00:00,52.36,69.5,35.1,-0.35,0,
2022-06-26,12:00:00,55.44,74.7,36.4,-0.38,0,
2022-06-27,12:00:00,58.02,78,37.6,-0.44,0,
2022-06-28,12:00:00,59.92,78.5,40.8,-0.43,0.01,
2022-06-29,12:00:00,60.89,72.3,45.3,-0.41,0,
2022-06-30,12:00:00,57.68,74.4,37.2,-0.4,0,
2022-07-01,12:00:00,57.63,78.4,39.8,-0.33,0.07,
2022-07-02,12:00:00,57.65,78,41.1,-0.25,0.02,
2022-07-03,12:00:00,62.74,79.6,45.9,-0.42,0,
2022-07-04,12:00:00,61.41,76.6,44.2,-0.41,0,
2022-07-05,12:00:00,60.04,79,38.8,-0.42,0,
2022-07-06,12:00:00,62.38,80.7,42.7,-0.42,0,
2022-07-07,12:00:00,64.31,80.8,46.7,-0.42,0.02,
2022-07-08,12:00:00,64.6,84.5,43.2,-0.41,0,
2022-07-09,12:00:00,65.45,85.6,42.8,-0.43,0,
2022-07-10,12:00:00,62.96,77.7,43.2,-0.41,0,
2022-07-11,12:00:00,62.52,80.3,42.8,-0.42,0,
2022-07-12,12:00:00,64.32,84.1,43.3,-0.43,0,
2022-07-13,12:00:00,61.04,84.5,43.7,-0.41,0.11,
2022-07-14,12:00:00,62.73,82.3,48.5,-0.43,0.04,
2022-07-15,12:00:00,63.65,81.1,49.7,-0.44,0,
2022-07-16,12:00:00,64.71,83.9,47.1,-0.45,0,
2022-07-17,12:00:00,66.78,87.5,44.5,-0.48,0,
2022-07-18,12:00:00,68.24,79.7,54.1,-0.43,0,
2022-07-19,12:00:00,62.14,79.2,40.1,-0.36,0,
2022-07-20,12:00:00,62.57,82,41.3,-0.42,0,
2022-07-21,12:00:00,64.6,82.5,44.8,-0.44,0,
2022-07-22,12:00:00,65.62,84.7,42.7,-0.48,0,
2022-07-23,12:00:00,64.67,80.7,46.2,-0.44,0,
2022-07-24,12:00:00,62.51,81.3,42.7,-0.44,0,
2022-07-25,12:00:00,61.38,79.4,41.8,-0.41,0,
2022-07-26,12:00:00,64.21,82.3,44.9,-0.45,0,
2022-07-27,12:00:00,65.22,84.4,44.3,-0.46,0,
2022-07-28,12:00:00,66.59,83.8,49.4,-0.48,0,
2022-07-29,12:00:00,66.53,85,48.9,-0.46,0.02,
2022-07-30,12:00:00,65.36,85.6,47,-0.48,0,
2022-07-31,12:00:00,66.73,85.4,47.9,-0.47,0,
2022-08-01,12:00:00,67.06,87.2,45.6,-0.49,0,
2022-08-02,12:00:00,61.75,74.2,51.8,-0.3,0.23,
2022-08-03,12:00:00,59.39,78.7,46.8,-0.32,0,
2022-08-04,12:00:00,61.97,79.4,44.4,-0.3,0,
2022-08-05,12:00:00,55.16,60.1,49.1,-0.43,0.38,
2022-08-06,12:00:00,54.38,62.3,46.8,-0.47,1.33,
2022-08-07,12:00:00,55.82,73.3,45.2,-0.47,0.12,
2022-08-08,12:00:00,59.22,80.1,43.1,-0.42,0,
2022-08-09,12:00:00,61.44,85.5,41.8,-0.49,0,
2022-08-10,12:00:00,63.76,84.9,45.7,-0.58,0,
2022-08-11,12:00:00,65.57,79.6,55.1,-0.55,0.01,
2022-08-12,12:00:00,62.71,83.6,51.6,-0.39,0.05,
2022-08-13,12:00:00,59.51,78.5,48.9,-0.46,0.35,
2022-08-14,12:00:00,58.35,76,47.4,-0.47,0,
2022-08-15,12:00:00,60.93,81.1,44.7,-0.45,0,
2022-08-16,12:00:00,62.67,83.4,44.9,-0.57,0,
2022-08-17,12:00:00,63.93,85.1,45.2,-0.56,0,
2022-08-18,12:00:00,62.76,84.3,43.8,-0.56,0,
2022-08-19,12:00:00,61.57,80.1,46.5,-0.4,0,
2022-08-20,12:00:00,61.84,80,47.9,-0.38,0,
2022-08-21,12:00:00,60.8,79.4,46.5,-0.5,0.18,
2022-08-22,12:00:00,58.83,78.1,49,-0.44,0.04,
2022-08-23,12:00:00,59.83,77.9,45.1,-0.38,0,
2022-08-24,12:00:00,59.64,81.3,43.8,-0.41,0,
2022-08-25,12:00:00,58.34,75,48.7,-0.44,0.3,
2022-08-26,12:00:00,57.44,75,44.3,-0.33,0.04,
2022-08-27,12:00:00,59.03,74.4,41.5,-0.38,0,
2022-08-28,12:00:00,59.39,70.9,43.9,-0.35,0,
2022-08-29,12:00:00,57.15,79.3,38.4,-0.42,0,
2022-08-30,12:00:00,59.35,82.4,39.9,-0.38,0,
2022-08-31,12:00:00,60.98,84.6,40.9,-0.5,0,
2022-09-01,12:00:00,63.6,83.5,45,-0.48,0,
2022-09-02,12:00:00,60.95,86.9,39.6,-0.48,0,
2022-09-03,12:00:00,63.06,88.2,41.5,-0.47,0,
2022-09-04,12:00:00,63.57,85.5,41.9,-0.47,0,
2022-09-05,12:00:00,61.14,85,41.2,-0.47,0,
2022-09-06,12:00:00,61.29,87.2,39.5,-0.46,0,
2022-09-07,12:00:00,62.23,84.4,42.4,-0.47,0,
2022-09-08,12:00:00,60.66,75.1,48.5,-0.45,0.06,
2022-09-09,12:00:00,50.85,62.8,36.7,-0.33,0,
2022-09-10,12:00:00,47.31,69.9,29.6,-0.35,0,
2022-09-11,12:00:00,51.46,77,30.6,-0.39,0,
2022-09-12,12:00:00,53.1,80.4,31.9,-0.29,0,
2022-09-13,12:00:00,53.07,71.3,34.4,-0.29,0,
2022-09-14,12:00:00,52.53,62.7,46.8,-0.25,0.13,
2022-09-15,12:00:00,47.68,63.5,36.6,-0.33,0.02,
2022-09-16,12:00:00,44.99,54.2,37.7,-0.4,0.29,
2022-09-17,12:00:00,45.57,60.8,36.7,-0.39,0.07,
2022-09-18,12:00:00,50,69.1,35.6,-0.33,0.01,
2022-09-19,12:00:00,53.93,72,35.6,-0.35,0,
2022-09-20,12:00:00,50.93,73.1,33.4,-0.28,0,
2022-09-21,12:00:00,51.46,70.5,38.9,-0.37,0.36,
2022-09-22,12:00:00,47.2,52.5,40.6,-0.41,0.31,
2022-09-23,12:00:00,47.96,61.1,35.5,-0.38,0.01,
2022-09-24,12:00:00,46.26,65.9,30.8,-0.35,0,
2022-09-25,12:00:00,48.55,71.9,32.5,-0.31,0,
2022-09-26,12:00:00,51.12,76.9,33.5,-0.26,0,
2022-09-27,12:00:00,51.26,75.4,34.4,-0.26,0,
2022-09-28,12:00:00,50.78,72.5,32.1,-0.31,0,
2022-09-29,12:00:00,50.12,65.1,42.3,-0.38,0.19,
2022-09-30,12:00:00,46.26,57.2,35.7,-0.36,0.13,
2022-10-01,12:00:00,40.98,51.2,35.1,-0.42,0.21,
2022-10-02,12:00:00,41.1,51.7,33.7,-0.4,0,
2022-10-03,12:00:00,45.11,59.7,34.4,-0.42,0,
2022-10-04,12:00:00,43.56,62.9,29.1,-0.41,0,
2022-10-05,12:00:00,44.85,67.6,29.5,-0.38,0,
2022-10-06,12:00:00,45.64,67.5,29.3,-0.37,0,
2022-10-07,12:00:00,46.07,66.5,30.8,-0.38,0,
2022-10-08,12:00:00,43.86,65.6,28.6,-0.39,0,
2022-10-09,12:00:00,43.77,67,27.9,-0.39,0,
2022-10-10,12:00:00,44.35,64.5,27,-0.37,0,
2022-10-11,12:00:00,44.08,56.6,30.1,-0.36,0,
2022-10-12,12:00:00,45.42,60.2,30,-0.37,0,
2022-10-13,12:00:00,44.37,63.2,29.5,-0.37,0,
2022-10-14,12:00:00,40.89,64.4,26.2,-0.37,0,
2022-10-15,12:00:00,42.65,57.9,28.8,-0.36,0,
2022-10-16,12:00:00,40.97,65.2,25.6,-0.34,0,
2022-10-17,12:00:00,42.01,66.8,25.6,-0.3,0,
2022-10-18,12:00:00,42.59,68.4,26.1,-0.32,0,
2022-10-19,12:00:00,42.03,67.8,25.5,-0.3,0,
2022-10-20,12:00:00,40.31,62.5,23.9,-0.33,0,
2022-10-21,12:00:00,44.26,58,28.1,-0.31,0.02,
2022-10-22,12:00:00,38.11,43.1,30.1,-0.3,0.26,
2022-10-23,12:00:00,29.51,33.7,26.7,-0.35,0.04,
2022-10-24,12:00:00,28.78,35.4,23.2,-0.16,0.01,
2022-10-25,12:00:00,30.79,38.1,23.4,-0.26,0.15,
2022-10-26,12:00:00,23.42,29.4,17.3,0.09,0.22,
2022-10-27,12:00:00,24.94,33.4,16.7,0.1,0,
2022-10-28,12:00:00,20.92,36.7,8.3,0.17,0,
2022-10-29,12:00:00,26.69,43.9,15,0.19,0,
2022-10-30,12:00:00,27.83,43.6,16.4,0.13,0,
2022-10-31,12:00:00,34.23,50.4,26.4,0.07,0,
2022-11-01,12:00:00,35.61,52.6,25.2,0.19,0,
2022-11-02,12:00:00,32.94,43.9,21.5,0.19,0.1,
2022-11-03,12:00:00,23.35,33,18,0.31,0,
2022-11-04,12:00:00,22.94,26.9,18.1,0.4,0.11,
2022-11-05,12:00:00,30.01,37,17.7,0.9,0.51,
2022-11-06,12:00:00,23.42,34.5,7.4,0.9,0,
2022-11-07,12:00:00,28.84,33.2,23,1.33,0.47,
2022-11-08,12:00:00,29.64,33.3,26.6,1.68,0.35,
2022-11-09,12:00:00,28.96,33.5,23.5,2.13,0.53,
2022-11-10,12:00:00,19.19,23.6,16.6,2.23,0.07,
2022-11-11,12:00:00,16.18,21.3,9,2.24,0.07,
2022-11-12,12:00:00,10.84,20.7,2.1,2.05,0,
2022-11-13,12:00:00,14.45,27.9,4.4,2.29,0,
2022-11-14,12:00:00,13.81,24.3,2.1,2.12,0.01,
2022-11-15,12:00:00,17.13,28.3,6.1,2.15,0,
2022-11-16,12:00:00,19.81,30.8,12.5,2.25,0,
2022-11-17,12:00:00,13.44,21.4,-3.3,1.95,0,
2022-11-18,12:00:00,0.71,16.7,-10.2,1.91,0,
2022-11-19,12:00:00,3.07,21.5,-6.7,1.98,0,
2022-11-20,12:00:00,7.06,25.6,-2.4,2.05,0,
2022-11-21,12:00:00,10.1,25.6,2.5,2.15,0,
2022-11-22,12:00:00,13.41,29.1,5,2.22,0,
2022-11-23,12:00:00,24.57,29.1,15.6,2.35,0.13,
2022-11-24,12:00:00,16.83,32.7,5.6,2.22,0,
2022-11-25,12:00:00,16.38,31.7,6.9,2.42,0,
2022-11-26,12:00:00,20.55,29.2,10.8,2.59,0.06,
2022-11-27,12:00:00,21.56,27.3,12.6,2.78,0.34,
2022-11-28,12:00:00,15.76,24.7,5.2,3.07,0.29,
2022-11-29,12:00:00,6.06,14.5,-5.9,3.14,0.05,
2022-11-30,12:00:00,15.91,23.3,7.5,3.46,0.33,
2022-12-01,12:00:00,25.63,29.4,21.1,4.01,0.4,
2022-12-02,12:00:00,14.26,26.3,-3.3,4.1,0.22,
2022-12-03,12:00:00,-0.78,15.3,-11.6,4.08,0.01,
2022-12-04,12:00:00,5.48,16,-7.3,4.45,0.23,
2022-12-05,12:00:00,22.93,26.8,16.4,4.54,0.12,
2022-12-06,12:00:00,22.42,26.7,19.8,4.54,0.05,
2022-12-07,12:00:00,12.03,24.6,-2,4.55,0,
2022-12-08,12:00:00,1.52,16.1,-6.6,4.37,0,
2022-12-09,12:00:00,5.28,19.9,-8.3,4.62,0.12,
2022-12-10,12:00:00,13.12,23.6,0.9,4.57,0,
2022-12-11,12:00:00,22.63,30,14.9,4.68,0.05,
2022-12-12,12:00:00,23.89,30.2,18.3,4.66,0,
2022-12-13,12:00:00,21.43,27.2,16.4,4.69,0,
2022-12-14,12:00:00,15.37,22.4,7,4.77,0,
2022-12-15,12:00:00,14.12,18.3,9.4,4.71,0,
2022-12-16,12:00:00,5.23,15.5,-5.3,4.8,0.05,
2022-12-17,12:00:00,6.61,16.1,-4.6,4.66,0.09,
2022-12-18,12:00:00,2.59,18.2,-8.2,4.7,0,
2022-12-19,12:00:00,20.62,24.9,17.7,4.88,0,
2022-12-20,12:00:00,22.88,26.4,19.9,4.99,0.25,
2022-12-21,12:00:00,14.83,26.4,-7.1,5.25,0.27,
2022-12-22,12:00:00,-14.07,0.2,-23.7,4.79,0,
2022-12-23,12:00:00,0.49,10.2,-13,5.39,0.1,
2022-12-24,12:00:00,17.04,28.2,10.3,5.54,0.07,
2022-12-25,12:00:00,25.94,34.4,17.5,5.41,0,
2022-12-26,12:00:00,29.91,37.6,19.9,5.63,0,
2022-12-27,12:00:00,33.51,38.8,28,5.99,0.46,
2022-12-28,12:00:00,24.34,30.4,20.1,6.25,0.09,
2022-12-29,12:00:00,16.04,23.2,3.2,5.99,0.02,
2022-12-30,12:00:00,17.16,25.8,5,6.43,0.17,
2022-12-31,12:00:00,25.16,32.6,19.8,6.85,0.43,
2023-01-01,12:00:00,21.82,26.6,16.2,6.94,0.04,
2023-01-02,12:00:00,15.68,27.4,3.3,6.9,0,
2023-01-03,12:00:00,14.13,20.9,4.2,6.86,0.04,
2023-01-04,12:00:00,14.14,24.5,-1.1,7.01,0.1,
2023-01-05,12:00:00,14.58,22.6,0,6.99,0.04,
2023-01-06,12:00:00,23.33,29.6,15.9,7.16,0.03,
2023-01-07,12:00:00,22.36,33.2,7.2,7.03,0.01,
2023-01-08,12:00:00,12.32,27.8,-3.2,7.21,0.05,
2023-01-09,12:00:00,21.5,28.2,8.3,7.36,0.23,
2023-01-10,12:00:00,26.02,30.5,20.3,7.67,0.11,
2023-01-11,12:00:00,26.96,32.9,23.1,7.79,0.18,
2023-01-12,12:00:00,16.87,26.7,1.3,7.77,0,
2023-01-13,12:00:00,23.25,27.8,17.3,7.88,0,
2023-01-14,12:00:00,29.4,35.8,18.1,8.01,0.09,
2023-01-15,12:00:00,27.46,31.7,25.3,8.18,0.16,
2023-01-16,12:00:00,19.77,31.1,5,8,0,
2023-01-17,12:00:00,12.07,26.3,1.3,7.99,0.01,
2023-01-18,12:00:00,3.95,19.5,-10.3,8.13,0,
2023-01-19,12:00:00,8.91,19.9,-0.6,8.15,0,
2023-01-20,12:00:00,5.88,21.4,-7.9,8.14,0,
2023-01-21,12:00:00,3.07,17.7,-6.7,8.02,0,
2023-01-22,12:00:00,8.41,19.9,-2.1,7.87,0,
2023-01-23,12:00:00,9.25,21.2,-4.1,7.74,0.01,
2023-01-24,12:00:00,4.34,15.3,-8.6,7.64,0.02,
2023-01-25,12:00:00,6.94,18.9,-4.9,7.56,0,
2023-01-26,12:00:00,13.93,19.5,7.3,7.9,0.18,
2023-01-27,12:00:00,21.69,26.4,16.5,8.28,0.45,
2023-01-28,12:00:00,18.56,25.9,3.3,8.56,0.23,
2023-01-29,12:00:00,-1.77,4.6,-16,8.4,0.03,
2023-01-30,12:00:00,-17.85,0.6,-31.6,8.44,0.01,
2023-01-31,12:00:00,-10.86,4.3,-29.4,8.71,0,
2023-02-01,12:00:00,8.57,20.1,-0.1,8.68,0.02,
2023-02-02,12:00:00,2.43,22.4,-13.5,8.61,0,
2023-02-03,12:00:00,3.35,22.1,-12.3,8.77,0,
2023-02-04,12:00:00,17.82,34.5,7,8.77,0.01,
2023-02-05,12:00:00,16.08,28.6,0.6,8.87,0.13,
2023-02-06,12:00:00,24.75,31.8,21.3,8.79,0.04,
2023-02-07,12:00:00,21.73,31.2,14.9,9,0,
2023-02-08,12:00:00,19.36,25.5,7.4,9.16,0.2,
2023-02-09,12:00:00,3.5,20.6,-11.3,9.16,0,
2023-02-10,12:00:00,2.33,26.3,-12.2,9.26,0,
2023-02-11,12:00:00,7.43,31.3,-9.2,9.42,0,
2023-02-12,12:00:00,8.7,31.4,-11.5,9.32,0,
2023-02-13,12:00:00,11.38,31.5,-10.7,9.51,0,
2023-02-14,12:00:00,16.57,24.3,7.4,9.13,0.04,
2023-02-15,12:00:00,7.2,23.8,-9.1,8.92,0,
2023-02-16,12:00:00,0.1,21.5,-15.7,8.85,0,
2023-02-17,12:00:00,2.76,25.6,-16.2,8.92,0,
2023-02-18,12:00:00,7.76,26.5,-13.1,9.04,0.07,
2023-02-19,12:00:00,18.34,26.1,5.7,9.08,0.07,
2023-02-20,12:00:00,29.19,34.1,23.8,9.49,0.24,
2023-02-21,12:00:00,26.83,30.5,20.1,10.33,0.88,
2023-02-22,12:00:00,6.69,20.4,-0.3,10.12,0.06,
2023-02-23,12:00:00,4.6,13.9,-1.5,10.24,0.1,
2023-02-24,12:00:00,9.83,20.8,-4.3,10.47,0.04,
2023-02-25,12:00:00,25.38,36.7,14.3,10.82,0.01,
2023-02-26,12:00:00,22.2,33.7,10,11.03,0.12,
2023-02-27,12:00:00,20.54,25.1,8.8,11.53,0.24,
2023-02-28,12:00:00,15.74,22.6,9,11.8,0.24,
2023-03-01,12:00:00,16.02,27.8,3.7,11.96,0.07,
2023-03-02,12:00:00,10.88,26,-5.7,12.05,0.04,
2023-03-03,12:00:00,16.82,22.2,11.7,12.25,0.16,
2023-03-04,12:00:00,9.23,18.8,-8.6,12.49,0.15,
2023-03-05,12:00:00,16.66,27.3,7.6,12.46,0.02,
2023-03-06,12:00:00,14.2,25.7,-1.4,12.5,0.06,
2023-03-07,12:00:00,6.4,25.3,-8.7,12.46,0,
2023-03-08,12:00:00,4.91,20.8,-13.7,12.65,0.04,
2023-03-09,12:00:00,18.12,26.6,10.1,12.83,0.03,
2023-03-10,12:00:00,23.43,33.5,17.7,13.32,0.42,
2023-03-11,12:00:00,20.24,31.5,7.1,13.48,0.03,
2023-03-12,12:00:00,10.19,32.2,-10.4,13.29,0,
2023-03-13,12:00:00,23.24,37.8,7.2,13.61,0.12,
2023-03-14,12:00:00,34.75,41.3,31.2,13.86,0.23,
2023-03-15,12:00:00,30.83,36.5,18.6,14.02,0.13,
2023-03-16,12:00:00,16.63,29.1,2,14.18,0,
2023-03-17,12:00:00,12.16,34.5,-7.1,14.04,0,
2023-03-18,12:00:00,11.76,34.8,-9.7,13.97,0,
2023-03-19,12:00:00,15.39,39.1,-6.2,13.94,0,
2023-03-20,12:00:00,24.59,36.6,14.4,13.7,0.09,
2023-03-21,12:00:00,23.25,34.5,12.7,13.98,0.04,
2023-03-22,12:00:00,19.84,31.4,6,14.24,0.23,
2023-03-23,12:00:00,26.66,34.2,21.1,14.52,0.06,
2023-03-24,12:00:00,20.95,27.8,15.4,14.64,0.16,
2023-03-25,12:00:00,17.55,21.7,14.6,14.73,0.11,
2023-03-26,12:00:00,16.39,22.7,11.8,14.72,0.03,
2023-03-27,12:00:00,15.05,28.3,3.5,14.58,0.02,
2023-03-28,12:00:00,13.39,33.3,-5.3,14.6,0,
2023-03-29,12:00:00,26.66,42.6,10.9,14.58,0,
2023-03-30,12:00:00,28.11,32.3,21.2,14.7,0.11,
2023-03-31,12:00:00,24.38,31.6,17.6,14.83,0.11,
2023-04-01,12:00:00,27.82,31.4,25.4,15.27,0.44,
2023-04-02,12:00:00,23.4,27.4,19.1,15.61,0.15,
2023-04-03,12:00:00,20.09,29.6,10.4,15.56,0,
2023-04-04,12:00:00,20.88,29.1,12.3,15.42,0.01,
2023-04-05,12:00:00,13.39,29,-5.2,15.46,0.01,
2023-04-06,12:00:00,24.37,35.7,16.4,15.64,0.03,
2023-04-07,12:00:00,22.6,46.2,-0.5,15.58,0,
2023-04-08,12:00:00,34.52,43.3,26.9,15.52,0,
2023-04-09,12:00:00,36.07,50,25.8,15.7,0,
2023-04-10,12:00:00,37.63,58.7,20.4,15.05,0,
2023-04-11,12:00:00,41.69,59.5,23.4,14.5,0,
2023-04-12,12:00:00,42.16,54.9,33.4,13.55,0.14,
2023-04-13,12:00:00,26.85,34.6,11.6,13.72,0.51,
2023-04-14,12:00:00,20.07,32.3,6.8,13.84,0,
2023-04-15,12:00:00,22.7,41.3,5.8,14.3,0,
2023-04-16,12:00:00,31.4,52,10.9,13.71,0,
2023-04-17,12:00:00,39.18,52.6,27,12.35,0.07,
2023-04-18,12:00:00,30,37.6,21.3,12.28,0.11,
2023-04-19,12:00:00,22.63,28.9,18.2,12.38,0.04,
2023-04-20,12:00:00,22.11,32.8,6.9,12.42,0.01,
2023-04-21,12:00:00,27.09,36.7,20.9,12.51,0.09,
2023-04-22,12:00:00,26.01,38,12,12.47,0,
2023-04-23,12:00:00,28.75,46.8,14.9,11.88,0,
2023-04-24,12:00:00,31.1,41.9,23.2,11.77,0.1,
2023-04-25,12:00:00,38.74,51.3,30.9,10.89,0.02,
2023-04-26,12:00:00,37.35,51.5,25.3,10.27,0,
2023-04-27,12:00:00,36.24,47.2,27,10.45,0,
2023-04-28,12:00:00,34.55,55.5,17.6,9.37,0,
2023-04-29,12:00:00,40.12,62.1,23,8.46,0,
2023-04-30,12:00:00,42.21,66.8,24.6,7.58,0,
2023-05-01,12:00:00,44.43,71.2,25.2,6.51,0,
2023-05-02,12:00:00,49.14,66.5,34.1,5.54,0,
2023-05-03,12:00:00,44.82,68.8,28.4,4.6,0,
2023-05-04,12:00:00,40.63,57.5,27.1,3.81,0.01,
2023-05-05,12:00:00,39.22,50.1,31.3,3.15,0.16,
2023-05-06,12:00:00,35.77,47.3,25.9,2.69,0.01,
2023-05-07,12:00:00,36.37,48.5,30.1,1.99,0.02,
2023-05-08,12:00:00,38.65,51.5,29.6,0.94,0.18,
2023-05-09,12:00:00,39.95,52.2,31.4,-0.32,0,
2023-05-10,12:00:00,39.69,56.4,27.2,-0.34,0.02,
2023-05-11,12:00:00,42.93,55.6,32.1,-0.37,0,
2023-05-12,12:00:00,44.21,58.9,29.3,-0.36,0,
2023-05-13,12:00:00,45.04,58.4,31.5,-0.38,0,
2023-05-14,12:00:00,47.92,61.7,32.7,-0.38,0,
2023-05-15,12:00:00,50.32,63.7,38.7,-0.38,0,
2023-05-16,12:00:00,48.94,64.2,36.3,-0.36,0,
2023-05-17,12:00:00,45.09,60.4,34.4,-0.42,0.04,
2023-05-18,12:00:00,47.13,64.6,32,-0.39,0,
2023-05-19,12:00:00,49.82,68.6,30.2,-0.31,0,
2023-05-20,12:00:00,51.88,71.6,31.7,-0.48,0,
2023-05-21,12:00:00,54.26,72.1,34.7,-0.53,0,
2023-05-22,12:00:00,53.53,68.2,37.4,-0.47,0.01,
2023-05-23,12:00:00,50.58,69.1,38.9,-0.33,0.16,
2023-05-24,12:00:00,49.9,62.8,42.4,-0.36,0.18,
2023-05-25,12:00:00,48.4,61.9,36.8,-0.36,0.01,
2023-05-26,12:00:00,48.49,58,37.5,-0.38,0,
2023-05-27,12:00:00,44.76,56.2,36,-0.41,0.06,
2023-05-28,12:00:00,46.61,58.8,35.8,-0.4,0.04,
2023-05-29,12:00:00,48.65,63.3,40.6,-0.38,0.09,
2023-05-30,12:00:00,47.7,64.5,35.1,-0.37,0.01,
2023-05-31,12:00:00,50.7,67.7,37.3,-0.4,0,
2023-06-01,12:00:00,49.02,62.4,35.7,-0.35,0.01,
2023-06-02,12:00:00,49.89,58,44.6,-0.29,0.11,
2023-06-03,12:00:00,50.13,61.4,43.7,-0.35,0.09,
2023-06-04,12:00:00,53.31,65.4,42.5,-0.46,0,
2023-06-05,12:00:00,56.55,72.5,40.1,-0.53,0.01,
2023-06-06,12:00:00,55.2,72.4,40,-0.51,0,
2023-06-07,12:00:00,53.94,70.5,39.9,-0.49,0.12,
2023-06-08,12:00:00,51.75,61.2,45.8,-0.33,0.09,
2023-06-09,12:00:00,52.51,67.9,38.2,-0.51,0,
2023-06-10,12:00:00,53.19,66.3,42.1,-0.45,0,
2023-06-11,12:00:00,52.13,66.2,44.3,-0.38,0.01,
2023-06-12,12:00:00,51.98,66,44.5,-0.3,0.42,
2023-06-13,12:00:00,50.8,63.2,42.6,-0.33,0.01,
2023-06-14,12:00:00,53.1,64.3,43.9,-0.35,0.12,
2023-06-15,12:00:00,48.69,60.2,36.5,-0.35,0,
2023-06-16,12:00:00,49.46,61.7,40.5,-0.39,0.1,
2023-06-17,12:00:00,49.26,60.6,36.8,-0.39,0,
2023-06-18,12:00:00,49.74,57.5,45.4,-0.39,0.53,
2023-06-19,12:00:00,45.66,51,41.4,-0.41,0.54,
2023-06-20,12:00:00,43.02,56.1,37.1,-0.44,0.18,
2023-06-21,12:00:00,45.23,62,31,-0.4,0,
2023-06-22,12:00:00,50.94,70.2,30.3,-0.52,0,
2023-06-23,12:00:00,45.98,54.9,39.7,-0.41,0.32,
2023-06-24,12:00:00,50.32,65.2,38.1,-0.32,0,
2023-06-25,12:00:00,53.79,71.7,38.7,-0.51,0.02,
2023-06-26,12:00:00,51.87,71.1,39.1,-0.39,0,
2023-06-27,12:00:00,50.49,68.4,40.6,-0.35,0.01,
2023-06-28,12:00:00,50.53,67.4,37.4,-0.37,0.12,
2023-06-29,12:00:00,53.81,71.4,37.3,-0.51,0,
2023-06-30,12:00:00,57.01,74.5,39.6,-0.52,0,
2023-07-01,12:00:00,56.94,76.3,43.2,-0.5,0.06,
2023-07-02,12:00:00,57.61,76.4,40,-0.52,0,
2023-07-03,12:00:00,59.67,76.8,40.3,-0.52,0.03,
2023-07-04,12:00:00,57.73,71.1,43.2,-0.51,0,
2023-07-05,12:00:00,55.67,72.5,38.4,-0.49,0,
2023-07-06,12:00:00,55.73,72.6,37.8,-0.49,0,
2023-07-07,12:00:00,56.78,75.5,39.2,-0.46,0.04,
2023-07-08,12:00:00,58.26,73,47.5,-0.49,0.21,
2023-07-09,12:00:00,59.55,78,41.9,-0.5,0.01,
2023-07-10,12:00:00,63.17,81.2,43.9,-0.51,0,
2023-07-11,12:00:00,64.97,76.9,50.6,-0.5,0,
2023-07-12,12:00:00,59.51,77.4,39.4,-0.48,0,
2023-07-13,12:00:00,61,76.4,40.1,-0.5,0,
2023-07-14,12:00:00,62.09,75,46.9,-0.47,0,
2023-07-15,12:00:00,61.08,77.1,44.1,-0.47,0,
2023-07-16,12:00:00,63.06,84,42.1,-0.48,0,
2023-07-17,12:00:00,65.05,80.9,45.2,-0.48,0,
2023-07-18,12:00:00,69.3,80.5,51.6,-0.47,0,
2023-07-19,12:00:00,63.17,80.2,45.3,-0.47,0,
2023-07-20,12:00:00,63.78,80.4,45.8,-0.5,0,
2023-07-21,12:00:00,64.17,82.8,47.3,-0.48,0.02,
2023-07-22,12:00:00,64.85,85.1,44.2,-0.49,0,
2023-07-23,12:00:00,65.11,90.1,45,-0.48,0.12,
2023-07-24,12:00:00,64.46,79.8,50.3,-0.49,0.41,
2023-07-25,12:00:00,61.73,78,50.2,-0.5,0.03,
2023-07-26,12:00:00,61.68,79.8,40.8,-0.51,0,
2023-07-27,12:00:00,63.38,78.6,52.7,-0.5,0.07,
2023-07-28,12:00:00,63.38,81.4,43.6,-0.5,0,
2023-07-29,12:00:00,64.74,87.3,44.6,-0.51,0,
2023-07-30,12:00:00,65.54,85.2,46,-0.52,0,
2023-07-31,12:00:00,63.61,82.5,48.6,-0.54,0,
2023-08-01,12:00:00,63.8,82.3,47.3,-0.53,0,
2023-08-02,12:00:00,57.38,62.2,52.9,-0.38,0.13,
2023-08-03,12:00:00,56.46,66.9,52.2,-0.4,0.61,
2023-08-04,12:00:00,53.79,57.6,51.4,-0.47,1.1,
2023-08-05,12:00:00,55.45,69.8,46.9,-0.42,0.01,
2023-08-06,12:00:00,52.67,65.7,43.9,-0.46,0.18,
2023-08-07,12:00:00,51.11,64.2,40.3,-0.42,0.06,
2023-08-08,12:00:00,51.11,60.5,45.9,-0.46,0.24,
2023-08-09,12:00:00,54.41,71.1,40.2,-0.49,0.01,
2023-08-10,12:00:00,60.24,72.4,46.9,-0.57,0.03,
2023-08-11,12:00:00,59.28,75.7,42.9,-0.55,0,
2023-08-12,12:00:00,59.44,76.1,42.3,-0.56,0,
2023-08-13,12:00:00,59.59,74.2,44.3,-0.53,0,
2023-08-14,12:00:00,59.67,83.9,41.4,-0.54,0,
2023-08-15,12:00:00,62.41,86.1,43,-0.54,0,
2023-08-16,12:00:00,63.91,85.1,46.1,-0.55,0,
2023-08-17,12:00:00,63.97,86.8,46.7,-0.55,0.03,
2023-08-18,12:00:00,65.62,78.7,53,-0.56,0,
2023-08-19,12:00:00,59.2,72.3,48.2,-0.55,0,
2023-08-20,12:00:00,55.79,59.2,51.7,-0.42,0.34,
2023-08-21,12:00:00,59.29,75.2,53.1,-0.53,0.14,
2023-08-22,12:00:00,57.81,70,49.5,-0.5,0.08,
2023-08-23,12:00:00,56.95,72.3,45.6,-0.54,0.01,
2023-08-24,12:00:00,57.36,76.3,42.1,-0.53,0,
2023-08-25,12:00:00,59.4,75.5,43.5,-0.56,0.01,
2023-08-26,12:00:00,61.25,75.4,48.1,-0.55,0,
2023-08-27,12:00:00,57.72,72.7,47.7,-0.53,0.02,
2023-08-28,12:00:00,56.98,79.8,41.3,-0.52,0,
2023-08-29,12:00:00,61.09,81,41.6,-0.53,0,
2023-08-30,12:00:00,61.9,70.4,48.5,-0.49,0,
2023-08-31,12:00:00,53.41,75.8,32.4,-0.48,0,
2023-09-01,12:00:00,59.92,75.6,45.6,-0.48,0,
2023-09-02,12:00:00,55.67,71.5,43.8,-0.4,0,
2023-09-03,12:00:00,52.29,64.2,43.5,-0.34,0.58,
2023-09-04,12:00:00,48.83,53.2,45.9,-0.43,0.32,
2023-09-05,12:00:00,51.53,62.2,45.2,-0.42,0.01,
2023-09-06,12:00:00,52.34,70,38.3,-0.36,0.08,
2023-09-07,12:00:00,53.58,70.1,40.9,-0.49,0,
2023-09-08,12:00:00,55.57,72.3,42.2,-0.49,0,
2023-09-09,12:00:00,54.5,71.8,40.3,-0.5,0,
2023-09-10,12:00:00,51.79,69,39.4,-0.33,0.01,
2023-09-11,12:00:00,52.48,72.1,36.8,-0.37,0,
2023-09-12,12:00:00,52.34,74.2,37.1,-0.4,0,
2023-09-13,12:00:00,48.6,66.6,39.4,-0.39,0.05,
2023-09-14,12:00:00,49.88,66.3,36.6,-0.35,0,
2023-09-15,12:00:00,50.67,71.2,35.3,-0.33,0,
2023-09-16,12:00:00,50.07,72.3,32.8,-0.33,0,
2023-09-17,12:00:00,50.65,71.1,33.3,-0.28,0,
2023-09-18,12:00:00,51.25,69.9,35.3,-0.32,0,
2023-09-19,12:00:00,53.18,67.8,37.2,-0.4,0,
2023-09-20,12:00:00,48.01,61.9,35,-0.37,0.56,
2023-09-21,12:00:00,42.51,50.4,35.8,-0.44,0.72,
2023-09-22,12:00:00,38.92,44.9,35.4,-0.42,0.18,
2023-09-23,12:00:00,42.92,55.4,35,-0.41,0,
2023-09-24,12:00:00,43.03,64.2,30,-0.42,0,
2023-09-25,12:00:00,48.22,71.2,31.9,-0.36,0,
2023-09-26,12:00:00,49.53,72.8,31.6,-0.38,0,
2023-09-27,12:00:00,49.68,70.3,32,-0.42,0,
2023-09-28,12:00:00,45.22,60.2,31.5,-0.34,0,
2023-09-29,12:00:00,45.54,65.7,30.3,-0.32,0,
2023-09-30,12:00:00,50.91,68.6,34.5,-0.28,0,
2023-10-01,12:00:00,48.28,59.4,36.2,-0.36,0.08,
2023-10-02,12:00:00,39.19,48,32.8,-0.4,0.27,
2023-10-03,12:00:00,40.07,46.1,36.3,-0.42,0.23,
2023-10-04,12:00:00,40.93,47.2,36,-0.42,0.08,
2023-10-05,12:00:00,45.59,54,37.7,-0.42,0,
2023-10-06,12:00:00,45.8,64.1,32.7,-0.4,0,
2023-10-07,12:00:00,43.05,65.5,28.8,-0.39,0,
2023-10-08,12:00:00,43.66,67.5,29.9,-0.4,0,
2023-10-09,12:00:00,43.68,66.2,29.7,-0.39,0,
2023-10-10,12:00:00,44.11,62.3,30.3,-0.38,0.06,
2023-10-11,12:00:00,40.56,45.2,36.5,-0.4,0.05,
2023-10-12,12:00:00,38.45,46.4,32.1,-0.28,0.13,
2023-10-13,12:00:00,37.33,50,27.1,-0.02,0,
2023-10-14,12:00:00,39.09,50.1,31.8,0.04,0,
2023-10-15,12:00:00,39.25,58.3,27.4,-0.01,0.01,
2023-10-16,12:00:00,41.78,64.3,28.6,0,0,
2023-10-17,12:00:00,45.78,61,30.4,0.05,0,
2023-10-18,12:00:00,44.95,63.4,31.6,0.04,0,
2023-10-19,12:00:00,41.61,66.4,27.8,0.04,0,
2023-10-20,12:00:00,42.62,66.4,28.2,0.05,0,
2023-10-21,12:00:00,41.39,63.6,29,0.05,0,
2023-10-22,12:00:00,40.85,59,27.6,0.06,0,
2023-10-23,12:00:00,39.77,44.3,34.4,0.17,0.11,
2023-10-24,12:00:00,40.04,51.2,31.4,0.17,0.06,
2023-10-25,12:00:00,38.24,43.8,31.5,0.39,0.65,
2023-10-26,12:00:00,28.72,33.2,22.5,0.25,0.2,
2023-10-27,12:00:00,25.01,31.9,19.7,0.24,0.02,
2023-10-28,12:00:00,22.64,29.8,15.6,0.25,0.02,
2023-10-29,12:00:00,16.71,28.8,7.1,0.2,0,
2023-10-30,12:00:00,18.18,33.8,7,0.26,0,
2023-10-31,12:00:00,22.04,38.4,11.1,0.3,0,
2023-11-01,12:00:00,26.66,43.3,17.9,0.33,0,
2023-11-02,12:00:00,31.28,36.8,25.8,0.56,0.46,
2023-11-03,12:00:00,37.86,47.5,32.9,0.37,0.11,
2023-11-04,12:00:00,35.16,48.6,26.4,0.28,0,
2023-11-05,12:00:00,40.13,48,35,0.17,0.68,
2023-11-06,12:00:00,38.01,44.8,33.2,0.14,0.32,
2023-11-07,12:00:00,33.74,39.7,27.4,0.22,0.02,
2023-11-08,12:00:00,30.16,37.4,23.7,0.11,0,
2023-11-09,12:00:00,25.62,38.7,17.4,0.15,0,
2023-11-10,12:00:00,25.86,38.5,14.6,0.17,0,
2023-11-11,12:00:00,35.06,42.5,26.7,0.28,0,
2023-11-12,12:00:00,33.42,48.6,21.4,0.31,0,
2023-11-13,12:00:00,33.41,53.3,19.9,0.19,0,
2023-11-14,12:00:00,34.61,49.9,20.4,0.21,0,
2023-11-15,12:00:00,36.81,53.1,23.8,0.2,0,
2023-11-16,12:00:00,38.99,48,25.3,0.29,0,
2023-11-17,12:00:00,28.55,45.8,20.3,0.17,0,
2023-11-18,12:00:00,26.39,37.1,18,0.31,0,
2023-11-19,12:00:00,32.72,38.9,27.6,0.35,0.01,
2023-11-20,12:00:00,28.5,32.2,19.2,0.24,0,
2023-11-21,12:00:00,23.26,38.2,13.4,0.19,0,
2023-11-22,12:00:00,26.92,39.9,15,0.16,0,
2023-11-23,12:00:00,29.83,32.1,26.8,0.34,0.03,
2023-11-24,12:00:00,23.29,27.9,19.5,0.31,0,
2023-11-25,12:00:00,18.14,31.3,6.8,0.19,0,
2023-11-26,12:00:00,14.56,24.7,6.3,0.18,0,
2023-11-27,12:00:00,16.7,28.3,8.4,0.11,0,
2023-11-28,12:00:00,16.37,31.8,7.6,0.09,0,
2023-11-29,12:00:00,15.51,29.3,6.2,0.09,0,
2023-11-30,12:00:00,19.08,28.3,10.1,0.17,0,
2023-12-01,12:00:00,22.38,27.1,19.5,0.32,0.17,
2023-12-02,12:00:00,22.52,27.3,19.1,1.03,0.7,
2023-12-03,12:00:00,23.32,27.9,15,1.23,0.16,
2023-12-04,12:00:00,33.75,39.2,27.8,1.29,0.06,
2023-12-05,12:00:00,32.01,40.2,25.1,1.25,0.02,
2023-12-06,12:00:00,26.75,35.6,23.1,1.14,0,
2023-12-07,12:00:00,27.68,32.2,23.1,1.63,0.41,
2023-12-08,12:00:00,21.95,26.5,17.1,1.85,0.16,
2023-12-09,12:00:00,14.36,24.6,7.5,1.83,0.01,
2023-12-10,12:00:00,18.09,24,9.3,2.04,0.09,
2023-12-11,12:00:00,23.62,33,18.6,1.99,0.02,
2023-12-12,12:00:00,22.47,32.6,11.2,1.93,0.01,
2023-12-13,12:00:00,14.06,29.4,2.5,1.91,0,
2023-12-14,12:00:00,12.78,27.7,3.5,1.94,0,
2023-12-15,12:00:00,14.56,28.7,5.9,1.94,0,
2023-12-16,12:00:00,13.4,25.2,7.1,1.92,0,
2023-12-17,12:00:00,12.18,25.4,2.4,1.91,0,
2023-12-18,12:00:00,11.71,26.2,0.9,2,0,
2023-12-19,12:00:00,20.87,33.9,12.2,2,0,
2023-12-20,12:00:00,25.98,31.7,16.6,1.99,0.02,
2023-12-21,12:00:00,31.41,37.1,28,2.03,0.04,
2023-12-22,12:00:00,27.79,31.2,24,2.07,0.01,
2023-12-23,12:00:00,24.63,29.4,18.6,2.2,0.04,
2023-12-24,12:00:00,11.52,24.3,-2.2,1.98,0,
2023-12-25,12:00:00,0.61,16.7,-6.4,1.97,0.01,
2023-12-26,12:00:00,0.96,16.5,-12.9,2.07,0,
2023-12-27,12:00:00,4.21,22.7,-7.3,2.02,0,
2023-12-28,12:00:00,10.58,27.7,-2.1,2.07,0,
2023-12-29,12:00:00,8.18,22.4,-2.1,2.09,0,
2023-12-30,12:00:00,12.04,27.2,-1.7,2.19,0,
2023-12-31,12:00:00,20.19,32.6,7.9,2.09,0,
2024-01-01,12:00:00,10.45,30,-1.3,2.09,0.01,
2024-01-02,12:00:00,7.1,24.6,-3.9,2.07,0,
2024-01-03,12:00:00,6.66,25.7,-5.9,2.14,0,
2024-01-04,12:00:00,17.28,28.1,6.8,2.23,0.01,
2024-01-05,12:00:00,19.31,28,7.8,2.14,0.01,
2024-01-06,12:00:00,11.31,22.5,-1.4,2.24,0.01,
2024-01-07,12:00:00,15.15,24,7,2.23,0.02,
2024-01-08,12:00:00,4.83,18,-8.4,2.16,0,
2024-01-09,12:00:00,13.18,19.4,2.2,2.71,0.45,
2024-01-10,12:00:00,15.44,19.1,11,2.85,0.19,
2024-01-11,12:00:00,9.47,14.8,2.1,3,0.14,
2024-01-12,12:00:00,10.72,16,1.7,3.13,0.16,
2024-01-13,12:00:00,-4.76,4.6,-17.9,3.13,0.05,
2024-01-14,12:00:00,4.51,14.2,-9.9,3.32,0.08,
2024-01-15,12:00:00,-1.38,12.3,-16.3,3.08,0,
2024-01-16,12:00:00,-4.77,9.6,-18.2,3.22,0,
2024-01-17,12:00:00,14.36,27.7,-2.6,4.2,0.84,
2024-01-18,12:00:00,26.27,31.9,21.3,4.3,0.13,
2024-01-19,12:00:00,24.68,30.6,18.4,4.26,0.01,
2024-01-20,12:00:00,28.79,32.4,24.6,4.31,0.05,
2024-01-21,12:00:00,31.78,35.7,27.6,4.3,0.03,
2024-01-22,12:00:00,30.47,37.2,25,4.29,0,
2024-01-23,12:00:00,27.59,34.7,20.2,4.38,0.06,
2024-01-24,12:00:00,27.64,34.9,19.9,4.33,0,
2024-01-25,12:00:00,25.82,32.7,19.9,4.35,0.02,
2024-01-26,12:00:00,23.89,33.3,9.3,4.4,0.01,
2024-01-27,12:00:00,16.11,28.1,0,4.39,0,
2024-01-28,12:00:00,28.69,35,23.9,4.41,0.02,
2024-01-29,12:00:00,31.89,42.3,22.5,4.43,0,
2024-01-30,12:00:00,26.73,39.5,16.2,4.37,0,
2024-01-31,12:00:00,19.46,35,11.2,4.34,0.01,
2024-02-01,12:00:00,16.68,33,1.7,4.54,0,
2024-02-02,12:00:00,28.18,38.1,17.8,4.49,0.02,
2024-02-03,12:00:00,28.32,30.2,25.5,4.78,0.35,
2024-02-04,12:00:00,23.7,31.9,10.8,4.98,0.12,
2024-02-05,12:00:00,24.56,29.7,12.1,5.56,0.67,
2024-02-06,12:00:00,30.53,37.5,26.1,5.76,0.26,
2024-02-07,12:00:00,31.42,39.4,25.5,5.95,0.2,
2024-02-08,12:00:00,23.74,31.6,11.9,5.91,0,
2024-02-09,12:00:00,14.34,26.4,2.5,5.98,0.01,
2024-02-10,12:00:00,8.47,24.6,-5.1,5.89,0,
2024-02-11,12:00:00,11.74,26.6,-4.3,6.04,0.01,
2024-02-12,12:00:00,20.78,27.8,13.3,6.08,0.09,
2024-02-13,12:00:00,25.42,31.6,21.4,6.42,0.3,
2024-02-14,12:00:00,24.23,30.1,17.9,6.71,0.18,
2024-02-15,12:00:00,28.33,32.6,24.1,7.26,0.75,
2024-02-16,12:00:00,20.93,27,-1.2,7.88,0.76,
2024-02-17,12:00:00,-1.25,18.5,-18.2,7.79,0,
2024-02-18,12:00:00,7.46,20.9,-10.8,8.08,0.1,
2024-02-19,12:00:00,23.44,33,8.9,8.07,0.09,
2024-02-20,12:00:00,28.61,38.1,19.6,8.12,0.01,
2024-02-21,12:00:00,24.46,36.1,15.9,8.11,0,
2024-02-22,12:00:00,26.69,35.3,20.4,8.19,0.06,
2024-02-23,12:00:00,22.74,35.5,7.4,8.28,0,
2024-02-24,12:00:00,22.76,41.5,1.6,8.32,0,
2024-02-25,12:00:00,35.77,41.5,26.4,8.22,0,
2024-02-26,12:00:00,31.31,37.9,21.4,8.68,0.47,
2024-02-27,12:00:00,13.82,20.8,6.2,8.74,0.12,
2024-02-28,12:00:00,17.37,26,7.3,8.97,0.04,
2024-02-29,12:00:00,25.07,35.7,8.9,9.11,0.06,
2024-03-01,12:00:00,29.56,34,26.4,9.69,0.76,
2024-03-02,12:00:00,24.36,32.6,15.6,10.5,1.19,
2024-03-03,12:00:00,14.22,22.7,1.8,10.68,0.06,
2024-03-04,12:00:00,13.22,17.2,4.9,10.73,0.08,
2024-03-05,12:00:00,17.21,26.3,5.1,11.05,0.43,
2024-03-06,12:00:00,26.73,32.7,20.6,11.37,0.4,
2024-03-07,12:00:00,20.35,33.5,9,11.27,0,
2024-03-08,12:00:00,11.71,31,-7.6,11.33,0.01,
2024-03-09,12:00:00,11.87,35.5,-8.1,11.39,0,
2024-03-10,12:00:00,21.63,44.5,-3.7,11.49,0,
2024-03-11,12:00:00,27.91,42.3,13.3,11.49,0,
2024-03-12,12:00:00,32.65,39.2,26.8,11.43,0.09,
2024-03-13,12:00:00,25.78,34.9,15.5,11.47,0.01,
2024-03-14,12:00:00,29.78,40.5,21.6,11.37,0,
2024-03-15,12:00:00,26.8,46.4,7.4,11.35,0,
2024-03-16,12:00:00,30.67,51.3,9.5,11.4,0,
2024-03-17,12:00:00,33.91,53.2,18.4,11.52,0,
2024-03-18,12:00:00,34,52,13,11.4775,0,"min, max, and avg temp taken from GHCN Jackson Lake, SWE interpolated from 3-17 to 3-20"
2024-03-19,12:00:00,32,51,12,11.435,0,"min, max, and avg temp taken from GHCN Jackson Lake, SWE interpolated from 3-17 to 3-20"
2024-03-20,12:00:00,31,49,12,11.3925,0,"min, max, and avg temp taken from GHCN Jackson Lake, SWE interpolated from 3-17 to 3-20"
2024-03-21,12:00:00,32.86,45,23.9,11.35,0.23,
2024-03-22,12:00:00,34.14,45,25.2,11.34,0,
2024-03-23,12:00:00,34.92,43.2,28,11.5,0.18,
2024-03-24,12:00:00,28.31,31.7,20.6,11.43,0.1,
2024-03-25,12:00:00,19.82,31.9,6.3,11.61,0.09,
2024-03-26,12:00:00,19.89,34.3,2.7,11.61,0.03,
2024-03-27,12:00:00,28.32,36.9,20.4,11.63,0.12,
2024-03-28,12:00:00,30.33,34.5,27.2,11.87,0.25,
2024-03-29,12:00:00,26.69,39.2,12.2,12.07,0,
2024-03-30,12:00:00,24.2,36,10.9,12.13,0.08,
2024-03-31,12:00:00,30.02,36.2,26,12.64,0.58,
2024-04-01,12:00:00,30.25,42.4,20.1,12.86,0.05,
2024-04-02,12:00:00,29.58,48.5,12.3,12.94,0,
2024-04-03,12:00:00,34.57,54,16.6,13.13,0,
2024-04-04,12:00:00,37.91,55.2,24.7,12.71,0,
2024-04-05,12:00:00,37.64,55.2,26.9,12.45,0.16,
2024-04-06,12:00:00,26.44,30.7,22.1,12.46,0.02,
2024-04-07,12:00:00,28.95,36,22.6,12.42,0.03,
2024-04-08,12:00:00,28.96,36,22.9,12.26,0.03,
2024-04-09,12:00:00,31.46,43.3,20.8,11.95,0,
2024-04-10,12:00:00,35.69,45.7,26.4,11.59,0.01,
2024-04-11,12:00:00,33.64,51.7,18.2,11.18,0,
2024-04-12,12:00:00,40.23,61.4,23.9,10.68,0,
2024-04-13,12:00:00,41.3,63,24.2,10.23,0,
2024-04-14,12:00:00,40.79,61.2,23.1,9.63,0,
2024-04-15,12:00:00,39.13,49,30.7,9.33,0.11,
2024-04-16,12:00:00,37.74,48.4,28.5,9.04,0.04,
2024-04-17,12:00:00,29.94,39.5,20.3,8.92,0.14,
2024-04-18,12:00:00,23.21,39.8,7,8.95,0,
2024-04-19,12:00:00,28.77,46.6,13.2,8.69,0,
2024-04-20,12:00:00,32.29,49.3,16.5,8.51,0,
2024-04-21,12:00:00,38.12,56.2,19.7,8.16,0,
2024-04-22,12:00:00,39.58,52.3,26,7.79,0,
2024-04-23,12:00:00,38.19,60,19.7,7.11,0,
2024-04-24,12:00:00,40.33,60.8,23.3,6.48,0,
2024-04-25,12:00:00,39.5,51.4,32.4,6.09,0.03,
2024-04-26,12:00:00,38.94,50.1,30.6,5.33,0.24,
2024-04-27,12:00:00,39.59,48.3,34.2,4.93,0.09,
2024-04-28,12:00:00,37.78,47.7,31.2,4.23,0.02,
2024-04-29,12:00:00,34.74,45.2,25.9,3.91,0.13,
2024-04-30,12:00:00,32.87,40.9,27.1,3.69,0.07,
2024-05-01,12:00:00,27.55,32.2,23.8,3.73,0.15,
2024-05-02,12:00:00,29.35,40.4,17.1,3.59,0.01,
2024-05-03,12:00:00,33.01,41.5,27.1,3.46,0.12,
2024-05-04,12:00:00,37.12,56.7,19.6,2.49,0,
2024-05-05,12:00:00,40.63,48.1,32.6,2.16,0.63,
2024-05-06,12:00:00,33.46,38.9,30.8,1.88,0.08,
2024-05-07,12:00:00,31.66,36.2,28.9,1.75,0.12,
2024-05-08,12:00:00,35.07,42.2,28.7,1.33,0,
2024-05-09,12:00:00,40.19,53.4,28.5,0.19,0,
2024-05-10,12:00:00,42.64,59.6,29.4,0.12,0,
2024-05-11,12:00:00,44.68,64.2,27.6,0.11,0,
2024-05-12,12:00:00,47.31,65.8,29.6,0.09,0,
2024-05-13,12:00:00,46.16,63.5,32.6,0.09,0.06,
2024-05-14,12:00:00,40.96,47.1,34.7,0.26,0.32,
2024-05-15,12:00:00,43.35,58.7,31.2,0.09,0,
2024-05-16,12:00:00,48.4,64.4,31.6,0.06,0,
2024-05-17,12:00:00,50.39,58.4,34.8,0.06,0,
2024-05-18,12:00:00,43.8,58.4,27.6,0.08,0,
2024-05-19,12:00:00,44.93,50.8,30.7,0.09,0,
2024-05-20,12:00:00,36.41,46.4,25,0.17,0,
2024-05-21,12:00:00,38.4,47.2,31.7,0.09,0,
2024-05-22,12:00:00,38.15,45.4,28.9,0.19,0.28,
2024-05-23,12:00:00,32.57,39.6,27.6,0.19,0.13,
2024-05-24,12:00:00,40.97,53.5,29.2,0.1,0,
2024-05-25,12:00:00,41.42,50.5,31,0.16,0.03,
2024-05-26,12:00:00,46.47,55.2,38,0.09,0,
2024-05-27,12:00:00,48.67,64,34.3,0.07,0,
2024-05-28,12:00:00,51.77,70.8,30.1,0.04,0,
2024-05-29,12:00:00,48.94,55.8,41.7,0.07,0.1,
2024-05-30,12:00:00,44.01,54,34.1,0.06,0,
2024-05-31,12:00:00,44.4,60.3,28.2,0.07,0,
2024-06-01,12:00:00,49.46,66.5,30.1,0.06,0,
2024-06-02,12:00:00,55.25,62,44.2,0.06,0.01,
2024-06-03,12:00:00,51.6,56.9,48.6,0.06,0.35,
2024-06-04,12:00:00,53.65,61.7,44,0.05,0.01,
2024-06-05,12:00:00,58.43,70.9,42.2,0.03,0,
2024-06-06,12:00:00,58.55,76.4,39.9,-0.02,0,
2024-06-07,12:00:00,57.97,76.6,43.4,0.04,0.09,
2024-06-08,12:00:00,58.62,75.1,43,-0.01,0.03,
2024-06-09,12:00:00,57.64,76.1,44.4,0.02,0.16,
2024-06-10,12:00:00,56.96,68.7,45.4,0.01,0,
2024-06-11,12:00:00,58.04,72.6,39.9,-0.01,0,
2024-06-12,12:00:00,63.58,74.8,43.7,0,0,
2024-06-13,12:00:00,59.63,79.1,38.7,0.01,0,
2024-06-14,12:00:00,64.18,76.5,51.3,0,0,
2024-06-15,12:00:00,59.19,68.2,46.4,0.01,0,
2024-06-16,12:00:00,54.77,63.6,48.1,0.03,0,
2024-06-17,12:00:00,45.41,53.4,32.2,0.06,0.04,
2024-06-18,12:00:00,40.23,52.6,31.1,0.03,0.01,
2024-06-19,12:00:00,46.33,65.5,27.2,0.06,0,
2024-06-20,12:00:00,54.17,73.1,32.5,0.06,0,
2024-06-21,12:00:00,61.41,75.7,45.2,0.05,0,
2024-06-22,12:00:00,61.42,78.6,41.5,0.04,0,
2024-06-23,12:00:00,64.6,82.4,43.2,0,0,
2024-06-24,12:00:00,64.54,78.7,45.1,0.02,0,
2024-06-25,12:00:00,62.13,80.6,41.9,0.01,0,
2024-06-26,12:00:00,60.91,74.2,46,0.03,0,
2024-06-27,12:00:00,62.94,69.4,49.9,0.04,0,
2024-06-28,12:00:00,53.02,66.5,34.3,0.08,0,
2024-06-29,12:00:00,58.02,78.4,36.9,0.06,0,
2024-06-30,12:00:00,65.19,82.2,46.8,0.02,0,
2024-07-01,12:00:00,54.92,65.1,43.2,0.04,0.48,
2024-07-02,12:00:00,52.52,65.4,42.3,0.04,0.04,
2024-07-03,12:00:00,51.26,63,36.5,0.04,0,
2024-07-04,12:00:00,51.84,66.4,35.4,0.04,0,
2024-07-05,12:00:00,55.31,72.2,36.3,0.02,0,
2024-07-06,12:00:00,57.44,73,38.5,0.03,0,
2024-07-07,12:00:00,58.59,73,42.2,0.02,0,
2024-07-08,12:00:00,59.84,79.3,40.3,0.01,0,
2024-07-09,12:00:00,63.53,84.1,43.2,0.01,0,
2024-07-10,12:00:00,66.36,87.4,46.2,-0.03,0,
2024-07-11,12:00:00,67.26,86.7,46.3,-0.03,0,
2024-07-12,12:00:00,67.08,87.3,46.3,-0.02,0,
2024-07-13,12:00:00,66.38,86.8,45,-0.02,0,
2024-07-14,12:00:00,62.4,81.8,48.2,0.01,0,
2024-07-15,12:00:00,62.03,77,51.1,-0.02,0.01,
2024-07-16,12:00:00,62.29,80.8,48,0.02,0,
2024-07-17,12:00:00,61.35,82.4,43.7,-0.02,0,
2024-07-18,12:00:00,65.79,85.7,46.2,-0.05,0.03,
2024-07-19,12:00:00,65.94,85.2,47.3,-0.04,0.02,
2024-07-20,12:00:00,64.16,81,48,-0.04,0,
2024-07-21,12:00:00,62.74,80.9,44.3,0,0,
2024-07-22,12:00:00,64.18,85.1,45.8,-0.05,0,
2024-07-23,12:00:00,66.93,86.3,48.6,-0.04,0,
2024-07-24,12:00:00,67.17,88.8,47.5,-0.06,0,
2024-07-25,12:00:00,66.51,81.1,53.4,-0.06,0.02,
2024-07-26,12:00:00,64.23,76.5,50.7,-0.02,0,
2024-07-27,12:00:00,56.17,72.3,41.2,-0.01,0.04,
2024-07-28,12:00:00,58.13,74.8,42.1,-0.02,0,
2024-07-29,12:00:00,59.84,78,41.5,-0.03,0,
2024-07-30,12:00:00,55.9,69.9,42.7,0,0.02,
2024-07-31,12:00:00,59.08,77.2,41.6,-0.03,0,
2024-08-01,12:00:00,63.32,87,40.5,0.01,0,
2024-08-02,12:00:00,66.39,89.1,43.4,-0.06,0,
2024-08-03,12:00:00,68.34,88.2,46.3,-0.07,0,
2024-08-04,12:00:00,67.47,79.8,54.3,-0.04,0,
2024-08-05,12:00:00,66.25,86.3,46.1,-0.08,0,
2024-08-06,12:00:00,66.14,83.4,48.3,-0.09,0,
2024-08-07,12:00:00,62.53,78.8,44.8,-0.04,0,
2024-08-08,12:00:00,62.69,75.9,51.4,-0.03,0,
2024-08-09,12:00:00,63.64,74.3,54.7,-0.03,0,
2024-08-10,12:00:00,59.06,70,48.1,-0.01,0.02,
2024-08-11,12:00:00,60.09,75.6,45.1,-0.01,0,
2024-08-12,12:00:00,60.48,75.3,51.5,-0.04,0.04,
2024-08-13,12:00:00,52.84,61.3,44.5,-0.02,0.25,
2024-08-14,12:00:00,51.16,67.6,40.9,-0.02,0,
2024-08-15,12:00:00,52.55,74.6,36.6,-0.01,0.03,
2024-08-16,12:00:00,58.32,75.8,43,-0.04,0,
2024-08-17,12:00:00,60.6,82.2,39.2,-0.08,0,
2024-08-18,12:00:00,63.49,83.1,48.1,-0.07,0.33,
2024-08-19,12:00:00,59.71,75.4,49.6,-0.07,0.08,
2024-08-20,12:00:00,64.19,82.2,46.1,-0.09,0.01,
2024-08-21,12:00:00,59.59,76.5,41.8,-0.07,0,
2024-08-22,12:00:00,59.38,80.6,36.9,-0.05,0,
2024-08-23,12:00:00,60.42,76.6,46.3,-0.07,0,
2024-08-24,12:00:00,59.03,76,42,-0.05,0,
2024-08-25,12:00:00,55.94,71.8,44.4,-0.07,0.02,
2024-08-26,12:00:00,50.77,65.9,41.9,-0.07,0.08,
2024-08-27,12:00:00,55.06,74.5,35.6,-0.05,0,
2024-08-28,12:00:00,58.27,66,41.7,-0.09,0,
2024-08-29,12:00:00,50.27,72.5,29.8,-0.03,0,
2024-08-30,12:00:00,55.24,79.2,34.9,-0.06,0,
2024-08-31,12:00:00,59.24,86.8,35.3,-0.02,0,
2024-09-01,12:00:00,61.49,84.1,40.4,-0.08,0,
2024-09-02,12:00:00,59.12,81.3,38.3,-0.06,0,
2024-09-03,12:00:00,57.6,70.4,47,-0.04,0.19,
2024-09-04,12:00:00,53.77,71.5,38.5,-0.05,0,
2024-09-05,12:00:00,55.87,78.4,38.7,-0.02,0.01,
2024-09-06,12:00:00,57.25,80.3,38,-0.08,0,
2024-09-07,12:00:00,56.89,81.4,36,-0.08,0,
2024-09-08,12:00:00,56.41,81.6,37.2,-0.06,0,
2024-09-09,12:00:00,56.94,77.2,38.7,-0.07,0,
2024-09-10,12:00:00,57.07,77.2,37,-0.05,0,
2024-09-11,12:00:00,53.44,63.8,45.6,-0.04,0.63,
2024-09-12,12:00:00,44.65,49.9,40.3,-0.04,0.11,
2024-09-13,12:00:00,47.06,59.8,39.1,-0.08,0.01,
2024-09-14,12:00:00,47.5,70,31.2,-0.07,0,
2024-09-15,12:00:00,53.08,75.5,33.1,-0.04,0,
2024-09-16,12:00:00,56.4,70.3,42.6,-0.1,0.01,
2024-09-17,12:00:00,41.23,47.1,37.5,-0.03,0.76,
2024-09-18,12:00:00,43.9,48.2,38.8,-0.05,0.39,
2024-09-19,12:00:00,46.63,62.3,37.8,-0.09,0,
2024-09-20,12:00:00,47.29,64,33.4,-0.04,0,
2024-09-21,12:00:00,49.47,67.2,34.1,-0.06,0,
2024-09-22,12:00:00,48.28,68.8,32.3,-0.11,0,
2024-09-23,12:00:00,46.92,64.3,33.1,-0.08,0,
2024-09-24,12:00:00,50.89,76.9,34.3,-0.04,0,
2024-09-25,12:00:00,55.66,79,37,-0.07,0,
2024-09-26,12:00:00,53.55,72.4,36.4,-0.05,0,
2024-09-27,12:00:00,51.45,80.4,32.4,-0.06,0,
2024-09-28,12:00:00,52.06,79,33.6,-0.08,0,
2024-09-29,12:00:00,56.46,76.7,35.2,-0.03,0,
2024-09-30,12:00:00,51.77,62.1,36.4,-0.13,0,
