SITE,Event,Sample.ID,Setting,date,Time ,Temp,mmHg,DOPC,Domg.l,C,SP.C,SALPPT,pH,ORPmV,Notes,Setting.Adj,Date.Adj
1,1,1.1,Lake.Outlet,5/15/2022,na,6,599.6,60,7.4,117.7,189.838709677419,0.09,8.7,53.9,,Lake.Outlet,5/15/2022
1,1,1.1,Lake.Outlet,5/15/2022,na,5.7,599.6,55,6.9,117.6,191.530944625407,0.09,8.68,52.3,,Lake.Outlet,5/15/2022
1,1,1.1,Lake.Outlet,5/15/2022,na,5.9,599.6,54,6.7,118.5,191.747572815534,0.09,8.63,52.3,,Lake.Outlet,5/15/2022
3,1,3.1,Stream,5/15/2022,na,2.6,595.9,68,9.3,105.3,190.760869565217,0.09,8.97,35.6,,East.Stream,5/15/2022
3,1,3.1,Stream,5/15/2022,na,2.5,595.9,66,9,99.8,181.454545454545,0.08,9.09,39.2,,East.Stream,5/15/2022
3,1,3.1,Stream,5/15/2022,na,2.5,595.9,66,9,99.6,181.090909090909,0.08,9.05,41.5,,East.Stream,5/15/2022
10,1,10.1,Stream,5/14/2022,na,3.1,595.4,76,10.2,117,208.185053380783,0.09,9.17,42.8,,East.Stream,5/15/2022
10,1,10.1,Stream,5/14/2022,na,2.9,595.3,71,9.5,108.7,194.802867383513,0.09,9.1,49.9,,East.Stream,5/15/2022
10,1,10.1,Stream,5/14/2022,na,2.9,595.3,69,9.3,108.2,193.906810035842,0.09,9.02,54.4,,East.Stream,5/15/2022
12,1,12.1,Stream,5/14/2022,na,1.2,595.6,78,11,45.6,87.0229007633588,0.04,9.11,56.6,,East.Stream,5/15/2022
12,1,12.1,Stream,5/14/2022,na,1.1,595.6,73,10.4,41,78.544061302682,0.03,8.96,64.6,,East.Stream,5/15/2022
12,1,12.1,Stream,5/14/2022,na,1.1,595.6,71,10,40.7,77.9693486590038,0.03,8.88,68.7,,East.Stream,5/15/2022
14,1,14.1,Stream,5/13/2022,na,4.2,592,82,10.7,32.9,56.3356164383562,0.02,9.01,36.3,,East.Stream,5/15/2022
14,1,14.1,Stream,5/13/2022,na,4.1,592,75,9.8,32,54.9828178694158,0.02,8.82,48.1,,East.Stream,5/15/2022
14,1,14.1,Stream,5/13/2022,na,4,592,72,9.4,31.8,54.8275862068966,0.02,8.7,51.9,,East.Stream,5/15/2022
15,1,15.1,River,5/13/2022,na,5.9,592.8,70,8.7,129.8,210.032362459547,0.1,8.8,32.9,,River,5/15/2022
15,1,15.1,River,5/13/2022,na,5.9,592.9,73,9.1,124,200.647249190939,0.09,8.78,32.5,,River,5/15/2022
15,1,15.1,River,5/13/2022,na,5.9,592.8,72,9.1,124,200.647249190939,0.09,8.78,31.3,,River,5/15/2022
29,1,29.1,Bay,5/14/2022,na,5.8,596.2,71,8.8,98.8,160.38961038961,0.07,8.82,33.9,,Bay,5/15/2022
29,1,29.1,Bay,5/14/2022,na,5.7,596,68,8.5,84.8,138.110749185668,0.06,8.76,38.5,,Bay,5/15/2022
29,1,29.1,Bay,5/14/2022,na,5.7,596.1,67,8.4,87,141.693811074919,0.06,8.65,42.3,,Bay,5/15/2022
30,1,30.1,Glacial,5/14/2022,na,4.6,595.3,64,8.3,20.9,35.3040540540541,0.01,8.73,37.6,,Glacial,5/15/2022
30,1,30.1,Glacial,5/14/2022,na,4.5,596.4,66,8.6,17.6,29.8305084745763,0.01,8.61,46.6,,Glacial,5/15/2022
30,1,30.1,Glacial,5/14/2022,na,4.5,595.3,66,8.5,17.4,29.4915254237288,0.01,8.56,47.2,,Glacial,5/15/2022
2,1,2.1,Bay,5/15/2022,na,5.6,599.5,69,8.7,108.2,176.797385620915,0.08,8.6,52.7,,Bay,5/15/2022
2,1,2.1,Bay,5/15/2022,na,6.4,599.4,64,7.9,101.4,161.464968152866,0.07,8.55,54.3,,Bay,5/15/2022
2,1,2.1,Bay,5/15/2022,na,5.4,599.4,66,8.4,102.5,168.585526315789,0.08,8.49,56.5,,Bay,5/15/2022
33,1,33.1,Stream,5/13/2022,na,4.3,592.2,78,10,38.9,66.382252559727,0.03,8.97,27.9,,East.Stream,5/15/2022
33,1,33.1,Stream,5/13/2022,na,4.2,592.1,70,9.1,34.9,59.7602739726027,0.03,8.77,37.3,,East.Stream,5/15/2022
33,1,33.1,Stream,5/13/2022,na,4.5,592,68,8.9,34.5,58.4745762711864,0.03,8.67,42.2,,East.Stream,5/15/2022
15,2,15.2,River,6/17/2022,15:50,9.5,n.a,n.a,n.a,105,152.173913043478,n.a,6.78,n.a,,River,6/17/2022
14,2,14.2,Stream,6/17/2022,12:35,10.5,n.a,n.a,n.a,53,74.6478873239437,n.a,7.04,n.a,,East.Stream,6/17/2022
33,2,33.2,Stream,6/17/2022,12:51,10.3,n.a,n.a,n.a,20.3,28.7535410764873,n.a,6.79,n.a,,East.Stream,6/17/2022
12,2,12.2,Stream,6/17/2022,14:20,11.2,n.a,n.a,n.a,54.7,75.5524861878453,n.a,7.04,n.a,,East.Stream,6/17/2022
10,2,10.2,Stream,6/17/2022,15:05,10.2,n.a,n.a,n.a,77.9,110.653409090909,n.a,7.49,n.a,,East.Stream,6/17/2022
9,2,9.2,Bay,6/17/2022,15:54,12.9,n.a,n.a,n.a,83.7,110.422163588391,n.a,7.51,n.a,,Bay,6/17/2022
8,2,8.2,Bay,6/17/2022,16:22,21.9,n.a,n.a,n.a,116.9,124.626865671642,n.a,8.66,n.a,,Bay,6/17/2022
3,2,3.2,Stream,6/17/2022,17:10,14.6,n.a,n.a,n.a,61.7,77.9040404040404,n.a,7.8,n.a,,East.Stream,6/17/2022
1,2,1.2,Lake.Outlet,6/17/2022,16:49,13.4,n.a,n.a,n.a,52.7,68.6197916666667,n.a,7.56,n.a,,Lake.Outlet,6/17/2022
2,2,2.2,Bay,6/17/2022,18:07,15.6,n.a,n.a,n.a,145.5,179.187192118227,n.a,7.58,n.a,,Bay,6/17/2022
31,2,31.2,Bay,6/17/2022,18:43,9.8,n.a,n.a,n.a,149.4,214.655172413793,n.a,7.42,n.a,,Bay,6/17/2022
34,2,34.2,Glacial,6/17/2022,10:05,5.4,n.a,n.a,n.a,25.9,42.5986842105263,n.a,7.55,n.a,,Glacial,6/17/2022
29,2,29.2,Bay,6/18/2022,10:40,13.1,n.a,n.a,n.a,33.1,43.4383202099738,n.a,8.03,n.a,,Bay,6/17/2022
30,2,30.2,Glacial,6/18/2022,11:00,13.7,n.a,n.a,n.a,23.4,30.2325581395349,n.a,7.12,n.a,,Glacial,6/17/2022
35,2,35.2,Glacial,6/18/2022,13:47,13.3,n.a,n.a,n.a,78.9,103.002610966057,n.a,6.56,n.a,,Glacial,6/17/2022
36,2,36.2,Glacial,6/18/2022,14:00,7,n.a,n.a,n.a,7.59,11.859375,n.a,6.54,n.a,,Glacial,6/17/2022
8,3,8.3,Bay,6/25/2022,9:45,16,n.a,n.a,n.a,137.4,167.560975609756,n.a,7.05,n.a,,Bay,6/25/2022
15,3,15.3,River,6/25/2022,11:05,8.9,n.a,n.a,n.a,87.4,128.908554572271,n.a,7.11,n.a,,River,6/25/2022
14,3,14.3,Stream,6/25/2022,11:45,11.3,n.a,n.a,n.a,47.5,65.4269972451791,n.a,7.21,n.a,,East.Stream,6/25/2022
33,3,33.3,Stream,6/25/2022,11:57,11.5,n.a,n.a,n.a,48,65.7534246575343,n.a,7.1,n.a,,East.Stream,6/25/2022
12,3,12.3,Stream,6/25/2022,12:41,9.2,n.a,n.a,n.a,71.9,105.116959064328,n.a,7.29,n.a,,East.Stream,6/25/2022
10,3,10.3,Stream,6/25/2022,13:08,10.6,n.a,n.a,n.a,120.7,169.522471910112,n.a,7.57,n.a,,East.Stream,6/25/2022
9,3,9.3,Bay,6/25/2022,13:55,14.2,n.a,n.a,n.a,126.6,161.479591836735,n.a,7.55,n.a,,Bay,6/25/2022
3,3,3.3,Stream,6/25/2022,,14.8,n.a,n.a,n.a,115.5,145.100502512563,n.a,7.6,n.a,,East.Stream,6/25/2022
1,3,1.3,Lake.Outlet,6/25/2022,15:00,15.4,n.a,n.a,n.a,137.7,170.420792079208,n.a,7.46,n.a,,Lake.Outlet,6/25/2022
2,3,2.3,Bay,6/25/2022,15:24,17.2,n.a,n.a,n.a,136.8,162.085308056872,n.a,7.53,n.a,,Bay,6/25/2022
31,3,31.3,Bay,6/25/2022,16:03,16.5,n.a,n.a,n.a,123.7,149.036144578313,n.a,7.53,n.a,,Bay,6/25/2022
36,3,36.3,Glacial,6/26/2022,10:42,6.1,n.a,n.a,n.a,8,12.8617363344051,n.a,7.33,n.a,,Glacial,6/25/2022
35,3,35.3,Glacial,6/26/2022,11:26,11.1,n.a,n.a,n.a,13.4,18.5595567867036,n.a,7.23,n.a,,Glacial,6/25/2022
15,4,15.4,River,7/14/2022,14:44,19.2,n.a,n.a,n.a,165.7,187.443438914027,n.a,7.58,n.a,,River,7/14/2022
14,4,14.4,Stream,7/14/2022,15:16,18,n.a,n.a,n.a,49.1,57.093023255814,n.a,7.14,n.a,Marked two 14's,East.Stream,7/14/2022
33,4,33.4,Stream,7/14/2022,15:35,19.4,n.a,n.a,n.a,105,118.243243243243,n.a,7.7,n.a,Stagnant,East.Stream,7/14/2022
12,4,12.4,Stream,7/14/2022,16:10,14.1,n.a,n.a,n.a,78,99.7442455242967,n.a,7.61,n.a,,East.Stream,7/14/2022
10,4,10.4,Stream,7/14/2022,16:45,18.5,n.a,n.a,n.a,212.2,243.908045977011,n.a,7.97,n.a,Marked two 14's,East.Stream,7/14/2022
9,4,9.4,Bay,7/14/2022,17:11,20.8,n.a,n.a,n.a,133.4,145.633187772926,n.a,8.19,n.a,,Bay,7/14/2022
3,4,3.4,Stream,7/14/2022,17:56:00,21.4,n.a,n.a,n.a,152.2,164.008620689655,n.a,7.96,n.a,,East.Stream,7/14/2022
1,4,1.4,Lake.Outlet,7/15/2022,14:39,20.4,n.a,n.a,n.a,135.5,149.229074889868,n.a,7.46,n.a,,Lake.Outlet,7/14/2022
2,4,2.4,Bay,7/15/2022,14:28,22.3,n.a,n.a,n.a,135.7,143.446088794926,n.a,7.64,n.a,,Bay,7/14/2022
31,4,31.4,Bay,7/15/2022,13:58,20.4,n.a,n.a,n.a,129.4,142.511013215859,n.a,7.69,n.a,,Bay,7/14/2022
36,4,36.4,Glacial,7/15/2022,15:39,9.7,n.a,n.a,n.a,6.2,8.93371757925072,n.a,6.61,n.a,,Glacial,7/14/2022
35,4,35.4,Glacial,7/15/2022,15:16,18.7,n.a,n.a,n.a,17.2,19.6796338672769,n.a,7.18,n.a,Low Flow,Glacial,7/14/2022
29,4,29.4,Bay,7/15/2022,10:40,20.9,n.a,n.a,n.a,124.1,135.185185185185,n.a,8.35,n.a,,Bay,7/14/2022
30,4,30.4,Glacial,7/15/2022,11:16,18.1,n.a,n.a,n.a,19.7,22.8538283062645,n.a,7.12,n.a,,Glacial,7/14/2022
34,4,34.4,Glacial,7/15/2022,10:10,5.9,n.a,n.a,n.a,15.7,25.4045307443366,n.a,7.7,n.a,,Glacial,7/14/2022
16,4,16.4,Hydrothermal,7/14/2022,13:36,25.3,n.a,n.a,n.a,159.8,158.846918489066,n.a,7.83,n.a,,Hydrothermal,7/14/2022
8,4,8.4,Bay,7/14/2022,17:30,25.6,n.a,n.a,n.a,161.8,159.881422924901,n.a,8.7,n.a,,Bay,7/14/2022
16,5,16.5,Hydrothermal,7/24/2022,14:20,25.5,n.a,n.a,n.a,164.2,162.574257425743,n.a,8.23,n.a,,Hydrothermal,7/24/2022
15,5,15.5,River,7/24/2022,15:25,19.7,n.a,n.a,n.a,197.9,221.364653243848,n.a,7.67,n.a,,River,7/24/2022
14,5,14.5,Stream,7/24/2022,15:57,18.3,n.a,n.a,n.a,46.9,54.1570438799076,n.a,7.11,n.a,,East.Stream,7/24/2022
12,5,12.5,Stream,7/24/2022,16:51,15.9,n.a,n.a,n.a,77.9,95.2322738386308,n.a,7.2,n.a,,East.Stream,7/24/2022
37,5,37.5,Lake,7/24/2022,19:43,20.4,n.a,n.a,n.a,136.9,150.770925110132,n.a,7.63,n.a,,Lake,7/24/2022
34,5,34.5,Glacial,7/25/2022,11:05,6,n.a,n.a,n.a,17.3,27.9032258064516,n.a,7.29,n.a,,Glacial,7/24/2022
29,5,29.5,Bay,7/25/2022,11:33,19.9,n.a,n.a,n.a,126.4,140.75723830735,n.a,7.91,n.a,,Bay,7/24/2022
30,5,30.5,Glacial,7/25/2022,11:56,18.3,n.a,n.a,n.a,20.4,23.5565819861432,n.a,7.25,n.a,,Glacial,7/24/2022
36,5,36.5,Glacial,7/25/2022,14:51,10,n.a,n.a,n.a,6.7,9.57142857142857,n.a,6.47,n.a,,Glacial,7/24/2022
31,5,31.5,Bay,7/25/2022,15:38,22.8,n.a,n.a,n.a,137.8,144.142259414226,n.a,7.58,n.a,,Bay,7/24/2022
2,5,2.5,Bay,7/25/2022,16:05,24,n.a,n.a,n.a,142.4,145.30612244898,n.a,7.55,n.a,,Bay,7/24/2022
1,5,1.5,Lake.Outlet,7/25/2022,16:22,20.8,n.a,n.a,n.a,138.2,150.873362445415,n.a,7.47,n.a,,Lake.Outlet,7/24/2022
3,5,3.5,Stream,7/25/2022,16:50,27.1,n.a,n.a,n.a,190.9,183.20537428023,n.a,8.01,n.a,Where discharge is taken there was low flow.,East.Stream,7/24/2022
8,5,8.5,Bay,7/25/2022,17:19,26.6,n.a,n.a,n.a,181.3,175.678294573643,n.a,8.67,n.a,,Bay,7/24/2022
20,5,20.5,Stream,7/26/2022,12:16,11.4,n.a,n.a,n.a,103.4,142.032967032967,n.a,7.84,n.a,,West.Stream,7/24/2022
19,5,19.5,Stream,7/26/2022,13:47,13,n.a,n.a,n.a,158.6,208.684210526316,n.a,8.16,n.a,,West.Stream,7/24/2022
17,5,17.5,Stream,7/26/2022,16:10,19.9,n.a,n.a,n.a,36.3,40.4231625835189,n.a,7.19,n.a,,West.Stream,7/24/2022
10,5,10.5,Stream,7/26/2022,18:05,20.9,n.a,n.a,n.a,242.3,263.943355119826,n.a,7.91,n.a,,East.Stream,7/24/2022
9,5,9.5,Bay,7/26/2022,18:40,21.8,n.a,n.a,n.a,138.3,147.75641025641,n.a,8.18,n.a,,Bay,7/24/2022
34,6,34.6,Glacial,8/27/2022,11:19,6.3,n.a,n.a,n.a,20,31.9488817891374,n.a,7.27,n.a,,Glacial,8/27/2022
29,6,29.6,Bay,8/27/2022,11:39,20,n.a,n.a,n.a,155.9,173.222222222222,n.a,7.9,n.a,,Bay,8/27/2022
30,6,30.6,Glacial,8/27/2022,12:09,17.7,n.a,n.a,n.a,24.1,28.2201405152225,n.a,6.95,n.a,,Glacial,8/27/2022
36,6,36.6,Glacial,8/27/2022,14:57,9.5,n.a,n.a,n.a,7.2,10.4347826086957,n.a,5.76,n.a,,Glacial,8/27/2022
31,6,31.6,Bay,8/27/2022,15:43,19.1,n.a,n.a,n.a,153.7,174.263038548753,n.a,7.11,n.a,,Bay,8/27/2022
2,6,2.6,Bay,8/27/2022,16:18,19.9,n.a,n.a,n.a,150.3,167.371937639198,n.a,7.31,n.a,,Bay,8/27/2022
1,6,1.6,Lake.Outlet,8/27/2022,16:30,18.6,n.a,n.a,n.a,152.2,174.54128440367,n.a,7.47,n.a,,Lake.Outlet,8/27/2022
3,6,3.6,Stream,8/27/2022,17:04,19.2,n.a,n.a,n.a,191.3,216.402714932127,n.a,7.91,n.a,,East.Stream,8/27/2022
9,6,9.6,Bay,8/27/2022,17:53,19.5,n.a,n.a,n.a,157.9,177.415730337079,n.a,7.85,n.a,,Bay,8/27/2022
10,6,10.6,Stream,8/27/2022,18:14,17.6,n.a,n.a,n.a,270.1,317.018779342723,n.a,8.05,n.a,,East.Stream,8/27/2022
12,6,12.6,Stream,8/28/2022,8:38,9.5,n.a,n.a,n.a,86.8,125.797101449275,n.a,7.93,n.a,,East.Stream,8/27/2022
14,6,14.6,Stream,8/28/2022,9:34,9.7,n.a,n.a,n.a,49.1,70.7492795389049,n.a,7.6,n.a,,East.Stream,8/27/2022
15,6,15.6,River,8/28/2022,9:54,14,n.a,n.a,n.a,244.2,313.076923076923,n.a,7.76,n.a,,River,8/27/2022
16,6,16.6,Hydrothermal,8/28/2022,10:11,18.5,n.a,n.a,n.a,176.5,202.873563218391,n.a,8.36,n.a,,Hydrothermal,8/27/2022
16,7,16.7,Hydrothermal,7/5/2023,19:00,21.3,n.a,n.a,n.a,164.4,177.537796976242,n.a,7.38,n.a,First Sampling Event 2023,Hydrothermal,07/05/23
15,7,15.7,River,7/5/2023,20:00,17,n.a,n.a,n.a,156.2,185.952380952381,n.a,7.52,n.a,First Sampling Event 2023,River,07/05/23
19,7,19.7,Stream,7/6/2023,10:22,5.7,n.a,n.a,n.a,122.9,200.162866449511,n.a,6.61,n.a,First Sampling Event 2023,West.Stream,07/05/23
20,7,20.7,Stream,7/6/2023,11:30,7,n.a,n.a,n.a,87.9,137.34375,n.a,7.42,n.a,First Sampling Event 2023,West.Stream,07/05/23
22,7,22.7,Stream,7/6/2023,12:11,7.4,n.a,n.a,n.a,52.3,80.7098765432099,n.a,7.36,n.a,First Sampling Event 2023,West.Stream,07/05/23
39,7,39.7,Stream,7/6/2023,13:34,12.9,n.a,n.a,n.a,40.3,53.1662269129288,n.a,6.48,n.a,First Sampling Event 2023,West.Stream,07/05/23
24,7,24.7,Stream,7/6/2023,14:23,11.6,n.a,n.a,n.a,103.8,141.803278688525,n.a,7.07,n.a,First Sampling Event 2023,West.Stream,07/05/23
38,7,38.7,Stream,7/6/2023,15:05,9.7,n.a,n.a,n.a,47.8,68.8760806916427,n.a,7.05,n.a,First Sampling Event 2023,West.Stream,07/05/23
26W,7,26W.7,Stream,7/6/2023,15:58,10.4,n.a,n.a,n.a,65,91.8079096045198,n.a,6.89,n.a,First Sampling Event 2023,West.Stream,07/05/23
26E,7,26E.7,Stream,7/6/2023,16:17,10.3,n.a,n.a,n.a,59.5,84.2776203966006,n.a,6.76,n.a,First Sampling Event 2023,West.Stream,07/05/23
27,7,27.7,Stream,7/7/2023,9:40,5.2,n.a,n.a,n.a,18.7,30.9602649006623,n.a,6.46,n.a,First Sampling Event 2023,West.Stream,07/05/23
40,7,40.7,Stream,7/7/2023,10:44,6.2,n.a,n.a,n.a,19.3,30.9294871794872,n.a,6.21,n.a,First Sampling Event 2023,West.Stream,07/05/23
34,7,34.7,Glacial,7/7/2023,11:30,5.6,n.a,n.a,n.a,20.1,32.843137254902,n.a,6.12,n.a,First Sampling Event 2023,Glacial,07/05/23
30,7,30.7,Glacial,7/7/2023,11:52,17.2,n.a,n.a,n.a,29.2,34.5971563981043,n.a,6.4,n.a,First Sampling Event 2023,Glacial,07/05/23
7,7,7.7,Stream,7/7/2023,13:17,20.2,n.a,n.a,n.a,168.7,186.615044247788,n.a,7.95,n.a,First Sampling Event 2023,East.Stream,07/05/23
5,7,5.7,Stream,7/7/2023,14:10,18.3,n.a,n.a,n.a,176.1,203.348729792148,n.a,7.51,n.a,First Sampling Event 2023,East.Stream,07/05/23
10,7,10.7,Stream,7/7/2023,17:11,16.6,n.a,n.a,n.a,221.8,266.586538461538,n.a,8.22,n.a,First Sampling Event 2023,East.Stream,07/05/23
12,7,12.7,Stream,7/7/2023,17:34,13.3,n.a,n.a,n.a,99.9,130.417754569191,n.a,7.55,n.a,First Sampling Event 2023,East.Stream,07/05/23
41,7,41.7,Stream,7/8/2023,14:29,10.3,n.a,n.a,n.a,26.8,37.9603399433428,n.a,7.79,n.a,First Sampling Event 2023,West.Stream,07/05/23
17,7,17.7,Stream,7/9/2023,13:30,14.6,n.a,n.a,n.a,41.1,51.8939393939394,n.a,6.9,n.a,First Sampling Event 2023,West.Stream,07/05/23
14,7,14.7,Stream,7/9/2023,15:22,16.2,n.a,n.a,n.a,67.7,82.1601941747573,n.a,7.37,n.a,First Sampling Event 2023,East.Stream,07/05/23
33,7,33.7,Stream,7/9/2023,15:57,17.6,n.a,n.a,n.a,108.1,126.8779342723,n.a,7.34,n.a,First Sampling Event 2023,East.Stream,07/05/23
1,7,1.7,Lake.Outlet,7/11/2023,7:52,13.2,n.a,n.a,n.a,126.9,166.099476439791,n.a,7.4,n.a,First Sampling Event 2023,,07/05/23
WP25,7,WP25.7,,7/10/2023,15:01,14.7,n.a,n.a,n.a,54.2,68.2619647355164,n.a,7.04,n.a,First Sampling Event 2023,,07/05/23
WP26,7,WP26.7,,7/10/2023,15:45,5.7,n.a,n.a,n.a,60.8,99.0228013029316,n.a,7.15,n.a,First Sampling Event 2023,,07/05/23
WP28,7,WP28.7,,7/10/2023,16:20,0.3,n.a,n.a,n.a,59.6,117.786561264822,n.a,7.44,n.a,First Sampling Event 2023,,07/05/23
WP29,7,WP29.7,,7/10/2023,16:52,11.1,n.a,n.a,n.a,76.3,105.678670360111,n.a,7.66,n.a,First Sampling Event 2023,,07/05/23
WP30,7,WP30.7,,7/10/2023,17:41,8.7,n.a,n.a,n.a,79.9,118.545994065282,n.a,7.6,n.a,First Sampling Event 2023,,07/05/23
WP31,7,WP31.7,,7/10/2023,18:07,3.2,n.a,n.a,n.a,132.3,234.574468085106,n.a,7.97,n.a,First Sampling Event 2023,,07/05/23
WP32,7,WP32.7,,7/10/2023,19:12,8.9,n.a,n.a,n.a,179.6,264.896755162242,n.a,8.21,n.a,First Sampling Event 2023,,07/05/23
WP33,7,WP33.7,,7/11/2023,10:37,3.8,n.a,n.a,n.a,39,67.7083333333333,n.a,6.63,n.a,First Sampling Event 2023,,07/05/23
WP34,7,WP34.7,,7/11/2023,10:48,10.9,n.a,n.a,n.a,24.6,34.2618384401114,n.a,6.79,n.a,First Sampling Event 2023,,07/05/23
WP35,7,WP35.7,,7/11/2023,11:54,4.6,n.a,n.a,n.a,53.7,90.7094594594595,n.a,6.69,n.a,First Sampling Event 2023,,07/05/23
WP36,7,WP36.7,,7/11/2023,11:27,2.8,n.a,n.a,n.a,70.5,126.798561151079,n.a,6.12,n.a,First Sampling Event 2023,,07/05/23
WP37,7,WP37.7,,7/11/2023,12:11,12,n.a,n.a,n.a,52.8,71.3513513513514,n.a,6.55,n.a,First Sampling Event 2023,,07/05/23
WP38,7,WP38.7,,7/11/2023,12:58,6.2,n.a,n.a,n.a,52.9,84.775641025641,n.a,6.79,n.a,First Sampling Event 2023,,07/05/23
WP25,8,WP25.8,,8/8/2023,12:29,9.9,,n.a,n.a,,,n.a,n.a,n.a,Conductivity Probe not working,,08/08/23
WP26,8,WP26.8,,8/8/2023,12:42,6.4,,n.a,n.a,,,n.a,n.a,n.a,Conductivity Probe not working,,08/08/23
WP28,8,WP28.8,,8/8/2023,13:08,3.8,,n.a,n.a,,,n.a,n.a,n.a,Conductivity Probe not working,,08/08/23
WP29,8,WP29.8,,8/8/2023,13:31,8.2,,n.a,n.a,,,n.a,n.a,n.a,Conductivity Probe not working,,08/08/23
WP30,8,WP30.8,,8/8/2023,14:18,13.1,,n.a,n.a,,,n.a,n.a,n.a,Conductivity Probe not working,,08/08/23
WP31,8,WP31.8,,8/8/2023,14:48,4,,n.a,n.a,,,n.a,n.a,n.a,Conductivity Probe not working,,08/08/23
WP32,8,WP32.8,,8/8/2023,15:36,8.2,,n.a,n.a,,,n.a,n.a,n.a,Conductivity Probe not working,,08/08/23
WP33,8,WP33.8,,8/9/2023,10:12,5.8,,n.a,n.a,,,n.a,n.a,n.a,Conductivity Probe not working,,08/08/23
WP34,8,WP34.8,,8/9/2023,10:17,9.7,,n.a,n.a,,,n.a,n.a,n.a,Conductivity Probe not working,,08/08/23
WP35,8,WP35.8,,8/9/2023,10:49,3.2,,n.a,n.a,,,n.a,n.a,n.a,Conductivity Probe not working,,08/08/23
WP36,8,WP36.8,,8/9/2023,11:08,4.6,,n.a,n.a,,,n.a,n.a,n.a,Conductivity Probe not working,,08/08/23
WP37,8,WP37.8,,8/9/2023,11:43,12,,n.a,n.a,,,n.a,n.a,n.a,Conductivity Probe not working,,08/08/23
WP38,8,WP38.8,,8/9/2023,12:22,6.3,,n.a,n.a,,,n.a,n.a,n.a,Conductivity Probe not working,,08/08/23
WP33,8.2,WP33.8.2,,8/9/2023,10:12,23.4,,n.a,n.a,57.9,59.8140495867769,n.a,6.74,n.a,Measured in the Lab,,08/08/23
WP34,8.2,WP34.8.2,,8/9/2023,10:17,22.4,,n.a,n.a,25.1,26.4767932489452,n.a,6.64,n.a,Measured in the Lab,,08/08/23
WP35,8.2,WP35.8.2,,8/9/2023,10:49,22.5,,n.a,n.a,107.2,112.842105263158,n.a,5.38,n.a,Measured in the Lab,,08/08/23
WP36,8.2,WP36.8.2,,8/9/2023,11:08,21.3,,n.a,n.a,49.1,53.0237580993521,n.a,5.96,n.a,Measured in the Lab,,08/08/23
WP37,8.2,WP37.8.2,,8/9/2023,11:43,21.6,,n.a,n.a,51.9,55.68669527897,n.a,5.98,n.a,Measured in the Lab,,08/08/23
WP38,8.2,WP38.8.2,,8/9/2023,12:22,21,,n.a,n.a,92.2,100.217391304348,n.a,6.09,n.a,Measured in the Lab,,08/08/23
17,8,17.8,Stream,8/21/2023,18:42,14.1,,n.a,n.a,76.1,97.3145780051151,n.a,6.46,n.a,,West.Stream,08/21/23
16,8,16.8,Hydrothermal,8/21/2023,20:00,19.1,,n.a,n.a,177.6,201.360544217687,n.a,7.35,n.a,,Hydrothermal,08/21/23
15,8,15.8,River,8/21/2023,20:39,17.3,,n.a,n.a,226.1,267.25768321513,n.a,7.49,n.a,,River,08/21/23
7,8,7.8,Stream,8/22/2023,8:45,15.1,,n.a,n.a,169.6,211.471321695761,n.a,7.08,n.a,,East.Stream,08/21/23
5,8,5.8,Stream,8/22/2023,9:45,11.8,,n.a,n.a,176.7,240.08152173913,n.a,7.38,n.a,,East.Stream,08/21/23
30,8,30.8,Glacial,8/22/2023,10:51,15,,n.a,n.a,45.5,56.875,n.a,6.56,n.a,,Glacial,08/21/23
34,8,34.8,Glacial,8/22/2023,11:20,6.2,,n.a,n.a,26.1,41.8269230769231,n.a,6.27,n.a,,Glacial,08/21/23
34,8,34.8.2,Glacial,8/22/2023,11:20,6.2,,n.a,n.a,26.1,41.8269230769231,n.a,6.27,n.a,,Glacial,08/21/23
27,8,27.8,Stream,8/22/2023,12:28,10.2,,n.a,n.a,34,48.2954545454546,n.a,5.88,n.a,,West.Stream,08/21/23
40,8,40.8,Stream,8/22/2023,13:04,10.9,,n.a,n.a,33.1,46.100278551532,n.a,5.89,n.a,,West.Stream,08/21/23
26W,8,26W.8,Stream,8/22/2023,13:53,10.6,,n.a,n.a,77.9,109.410112359551,n.a,6.85,n.a,,West.Stream,08/21/23
26E,8,26E.8,Stream,8/22/2023,13:56,10.7,,n.a,n.a,69.7,97.6190476190476,n.a,6.91,n.a,,West.Stream,08/21/23
38,8,38.8,Stream,8/22/2023,14:20,10.7,,n.a,n.a,61,85.4341736694678,n.a,6.71,n.a,,West.Stream,08/21/23
24,8,24.8,Stream,8/22/2023,15:15,11.3,,n.a,n.a,130,179.063360881543,n.a,6.7,n.a,,West.Stream,08/21/23
42,8,42.8,Stream,8/22/2023,15:44,10.6,,n.a,n.a,81,113.76404494382,n.a,6.74,n.a,,West.Stream,08/21/23
39,8,39.8,Stream,8/22/2023,16:02,13.1,,n.a,n.a,77.9,102.230971128609,n.a,6.81,n.a,,West.Stream,08/21/23
22,8,22.8,Stream,8/22/2023,16:30,9.6,,n.a,n.a,82.2,118.78612716763,n.a,6.91,n.a,,West.Stream,08/21/23
20,8,20.8,Stream,8/22/2023,17:04,12.4,,n.a,n.a,138.5,185.160427807487,n.a,7.37,n.a,,West.Stream,08/21/23
19,8,19.8,Stream,8/22/2023,17:42,12.8,,n.a,n.a,197,260.582010582011,n.a,7.8,n.a,,West.Stream,08/21/23
10,8,10.8,Stream,8/24/2023,8:23,11.6,,n.a,n.a,217.2,296.72131147541,n.a,7.97,n.a,,East.Stream,08/21/23
12,8,12.8,Stream,8/24/2023,8:53,10.3,,n.a,n.a,106.2,150.42492917847,n.a,7.34,n.a,,East.Stream,08/21/23
14,8,14.8,Stream,8/24/2023,9:29,10.8,,n.a,n.a,73.4,102.513966480447,n.a,6.91,n.a,,East.Stream,08/21/23
33,8,33.8,Stream,8/24/2023,9:41,12.2,,n.a,n.a,143.1,192.338709677419,n.a,6.99,n.a,,East.Stream,08/21/23
3,8,3.8,Stream,8/24/2023,10:40,11.6,,n.a,n.a,140.8,192.349726775956,n.a,7.6,n.a,,East.Stream,08/21/23
1,8,1.8,Lake.Outlet,8/24/2023,11:14,17.8,,n.a,n.a,150.4,175.700934579439,n.a,7.15,n.a,,Lake.Outlet,08/21/23
10,9,10.9,Stream,9/18/2023,18:39,12.7,,n.a,n.a,271.1,359.549071618037,,7.44,n.a,,East.Stream,09/18/23
7,9,7.9,Stream,9/20/2023,8:29,9.8,,n.a,n.a,158.1,227.155172413793,,7.46,n.a,,East.Stream,09/18/23
5,9,5.9,Stream,9/20/2023,9:22,8.5,,n.a,n.a,148.7,221.940298507463,,7.3,n.a,,East.Stream,09/18/23
34,9,34.9,Glacial,9/20/2023,10:21,5.4,,n.a,n.a,43.6,71.7105263157895,,6.74,n.a,,Glacial,09/18/23
30,9,30.9,Glacial,9/20/2023,10:37,11.6,,n.a,n.a,50.5,68.9890710382514,,6.62,n.a,,Glacial,09/18/23
27,9,27.9,Stream,9/20/2023,11:40,7.7,,n.a,n.a,61.4,93.8837920489297,,6.38,n.a,,West.Stream,09/18/23
40,9,40.9,Stream,9/20/2023,12:14,8.9,,n.a,n.a,80,117.994100294985,,6.73,n.a,,West.Stream,09/18/23
26W,9,26W.9,Stream,9/20/2023,12:43,10.1,,n.a,n.a,155.7,221.794871794872,,6.9,n.a,,West.Stream,09/18/23
26E,9,26E.9,Stream,9/20/2023,12:46,8.7,,n.a,n.a,199.7,296.290801186944,,7,n.a,,West.Stream,09/18/23
38,9,38.9,Stream,9/20/2023,13:14,10,,n.a,n.a,240.3,343.285714285714,,7.22,n.a,,West.Stream,09/18/23
24,9,24.9,Stream,9/20/2023,14:09,10,,n.a,n.a,264.2,377.428571428571,,7.45,n.a,,West.Stream,09/18/23
42,9,42.9,Stream,9/20/2023,14:21,9.4,,n.a,n.a,97.4,141.56976744186,,7.31,n.a,,West.Stream,09/18/23
19,9,19.9,Stream,9/20/2023,15:20,9.4,,n.a,n.a,227.3,330.377906976744,,8.36,n.a,,West.Stream,09/18/23
20,9,20.9,Stream,9/20/2023,15:30,9.6,,n.a,n.a,153.7,222.109826589595,,7.93,n.a,,West.Stream,09/18/23
WP38,9,WP38.9,,9/21/2023,9:40,19.9,,n.a,n.a,58.8,65.4788418708241,,7.67,n.a,Measured in the Lab,West.Stream,09/18/23
WP37,9,WP37.9,,9/21/2023,n.a,21,,n.a,n.a,59.3,64.4565217391304,,7.86,n.a,Measured in the Lab,,09/18/23
WP36,9,WP36.9,,9/21/2023,n.a,21,,n.a,n.a,59.4,64.5652173913043,,7.94,n.a,Measured in the Lab,,09/18/23
WP35,9,WP35.9,,9/21/2023,10:55,21.2,,n.a,n.a,76.7,83.008658008658,,7.66,n.a,Measured in the Lab,,09/18/23
WP34,9,WP34.9,,9/21/2023,n.a,20.7,,n.a,n.a,29.6,32.3851203501094,,7.21,n.a,Measured in the Lab,,09/18/23
WP33,9,WP33.9,,9/21/2023,n.a,20.5,,n.a,n.a,50.7,55.7142857142857,,7.05,n.a,Measured in the Lab,,09/18/23
1,9,1.9,Lake.Outlet,9/21/2023,n.a,14.4,,n.a,n.a,,,,n.a,n.a,"Take from the USGS Gauge, Snake River near Moran",Lake.Outlet,09/18/23
3,9,3.9,Stream,9/21/2023,14:25,n.a,,n.a,n.a,,,,n.a,n.a,,East.Stream,09/18/23
17,9,17.9,Stream,9/21/2023,16:07,n.a,,n.a,n.a,,,,n.a,n.a,,West.Stream,09/18/23
16,9,16.9,Hydrothermal,9/21/2023,17:19,n.a,,n.a,n.a,,,,n.a,n.a,,Hydrothermal,09/18/23
15,9,15.9,River,9/21/2023,17:52,n.a,,n.a,n.a,,,,n.a,n.a,,River,09/18/23
14,9,14.9,Stream,9/21/2023,18:11,n.a,,n.a,n.a,,,,n.a,n.a,,East.Stream,09/18/23
12,9,12.9,Stream,9/21/2023,18:46,n.a,,n.a,n.a,,,,n.a,n.a,,East.Stream,09/18/23
17,10,17.1,Stream,06/17/2024,05:22:00 PM,9.6,n.a,n.a,n.a,65.1,94.0751445086705,,6.87,n.a,,West.Stream,
16,10,16.1,Hydrothermal,06/17/2024,07:02:00 PM,16.4,n.a,n.a,n.a,164.7,198.913043478261,,7,n.a,,Hydrothermal,
15,10,15.1,River,06/17/2024,07:37:00 PM,8.5,n.a,n.a,n.a,135.1,201.641791044776,,6.87,n.a,,River,
19,10,19.1,Stream,06/19/2024,08:24:00 AM,2.7,n.a,n.a,n.a,140.1,252.888086642599,,7.57,n.a,,West.Stream,
20,10,20.1,Stream,06/19/2024,09:26:00 AM,3.1,n.a,n.a,n.a,120.2,213.879003558719,,7.61,n.a,,West.Stream,
22,10,22.1,Stream,06/19/2024,10:20:00 AM,4.3,n.a,n.a,n.a,76.3,130.204778156997,,7.14,n.a,,West.Stream,
37,10,37.1,Stream,06/19/2024,11:20:00 AM,5.6,n.a,n.a,n.a,42.8,69.9346405228758,,6.77,n.a,,West.Stream,
38,10,38.1,Stream,06/19/2024,11:56:00 AM,6.4,n.a,n.a,n.a,58.4,92.9936305732484,,6.79,n.a,,West.Stream,
26,10,26.1,Stream,06/19/2024,01:29:00 PM,6.5,n.a,n.a,n.a,33.4,53.015873015873,,6.54,n.a,,West.Stream,
27,10,27.1,Stream,06/19/2024,02:32:00 PM,6.2,n.a,n.a,n.a,33.6,53.8461538461539,,6.61,n.a,,West.Stream,
34,10,34.1,Glacial,06/19/2024,03:01:00 PM,5.7,n.a,n.a,n.a,24.1,39.2508143322476,,6.52,n.a,,Glacial,
30,10,30.1,Glacial,06/19/2024,03:37:00 PM,15.8,n.a,n.a,n.a,31.1,38.1127450980392,,6.44,n.a,,Glacial,
5,10,5.1,Stream,06/19/2024,04:40:00 PM,15.2,n.a,n.a,n.a,143.2,178.109452736318,,7.56,n.a,,East.Stream,
1,10,1.1,Lake.Outlet,06/20/2024,07:34:00 AM,9.7,n.a,n.a,n.a,150.6,217.00288184438,,7.42,n.a,,Lake.Outlet,
WP33,10,WP33.10,,06/20/2024,12:28:00 PM,3,n.a,n.a,n.a,30.8,55,,7.04,n.a,,,
WP34,10,WP34.10,,06/20/2024,12:46:00 PM,6.4,n.a,n.a,n.a,14.3,22.7707006369427,,6.36,n.a,,,
WP36,10,WP36.10,,06/20/2024,01:52:00 PM,3.8,n.a,n.a,n.a,35.2,61.1111111111111,,6.77,n.a,,,
WP35,10,WP35.10,,06/20/2024,02:01:00 PM,4.6,n.a,n.a,n.a,36.8,62.1621621621622,,6.72,n.a,,,
WP37,10,WP37.10,,06/20/2024,02:25:00 PM,9.5,n.a,n.a,n.a,30,43.4782608695652,,6.39,n.a,,,
WP38,10,WP38.10,,06/20/2024,02:49:00 PM,5.3,n.a,n.a,n.a,37.6,62.0462046204621,,6.57,n.a,,,
10,10,10.1,Stream,06/21/2024,07:00:00 AM,9.2,n.a,n.a,n.a,149.6,218.713450292398,,7.49,n.a,,,
12,10,12.1,Stream,06/21/2024,07:15:00 AM,7.3,n.a,n.a,n.a,96,148.606811145511,,7.35,n.a,,,
14,10,14.1,Stream,06/21/2024,07:30:00 AM,9.2,n.a,n.a,n.a,67,97.953216374269,,7.2,n.a,,,
33,10,33.1,Stream,06/21/2024,07:34:00 AM,6.5,n.a,n.a,n.a,59.5,94.4444444444444,,7.15,n.a,,,
17,11,17.11,Stream,07/13/2024,03:50:00 PM,17.7,,,,42.1,49.2974238875878,,7.1,,,,
16,11,16.11,Hydrothermal,07/13/2024,06:29:00 PM,23.2,,,,156.6,162.448132780083,,7.47,,,,
15,11,15.11,River,07/13/2024,06:50:00 PM,21.2,,,,233.9,253.138528138528,,7.65,,,,
20,11,20.11,Stream,07/15/2024,08:34:00 AM,8.1,,,,107.8,162.839879154079,,7.59,,,,
19,11,19.11,Stream,07/15/2024,,7.9,,,,159,241.641337386018,,8.05,,,,
22,11,22.11,Stream,07/15/2024,11:39:00 AM,7.4,,,,71.6,110.493827160494,,7.38,,,,
39,11,39.11,Stream,07/15/2024,01:02:00 PM,11.4,,,,49.5,67.9945054945055,,6.82,,,,
38,11,38.11,Stream,07/15/2024,02:58:00 PM,10.5,,,,61.7,86.9014084507042,,7.08,,,,
40,11,40.11,Stream,07/15/2024,04:37:00 PM,10.9,,,,30.8,42.8969359331476,,6.49,,,,
27,11,27.11,Stream,07/15/2024,06:10:00 PM,10.8,,,,33.8,47.2067039106145,,6.5,,,,
34,11,34.11,Glacial,07/15/2024,06:40:00 PM,6.1,,,,25.1,40.3536977491961,,6.57,,,,
WP36,11,WP36.11,,07/16/2024,10:35:00 AM,2.9,,,,21,37.6344086021505,,6.67,,,,
WP45,11,WP45.11,,07/16/2024,12:52:00 PM,1,,,,20.6,39.6153846153846,,6.85,,,,
WP35,11,WP35.11,,07/16/2024,02:15:00 PM,4.8,,,,40.7,68.2885906040268,,6.84,,,,
WP42,11,WP42.11,,07/16/2024,04:03:00 PM,23.4,,,,10.6,10.9504132231405,,5.95,,,,
WP43,11,WP43.11,,07/16/2024,04:38:00 PM,17.2,,,,11.8,13.9810426540284,,6.14,,,,
WP44,11,WP44.11,,07/16/2024,05:12:00 PM,15.5,,,,11,13.5802469135802,,6.13,,,,
WP33,11,WP33.11,,07/16/2024,06:19:00 PM,6.2,,,,29.4,47.1153846153846,,6.5,,,,
WP34,11,WP34.11,,07/16/2024,06:24:00 PM,13.3,,,,15.2,19.8433420365535,,6.28,,,,
WP37,11,WP37.11,,07/16/2024,06:39:00 PM,10.6,,,,34.2,48.0337078651685,,6.28,,,,
WP38,11,WP38.11,,07/16/2024,07:03:00 PM,5.3,,,,39,64.3564356435644,,6.54,,,,
30,11,30.11,Stream,07/17/2024,09:17:00 AM,14.9,,,,33.3,41.7293233082707,,6.6,,,,
5,11,5.11,Stream,07/17/2024,10:14:00 AM,14.3,,,,155.9,198.346055979644,,7.61,,,,
10,11,10.11,Stream,07/17/2024,12:28:00 PM,16.2,,,,244.2,296.359223300971,,7.18,,,,
14,11,14.11,Stream,07/17/2024,01:08:00 PM,16.4,,,,73.8,89.1304347826087,,7.32,,,,
33,11,33.11,Stream,07/17/2024,01:15:00 PM,,,,,,,,,,,,
12,11,12.11,Stream,07/17/2024,01:51:00 PM,13,,,,96.8,127.368421052632,,7.3,,,,
1,11,1.11,Lake.Outlet,07/17/2024,02:30:00 PM,14.6,,,,143.1,180.681818181818,,7.33,,,,
17,12,17.12,Stream,08/16/2024,03:09:00 PM,17.9,,,,55.9,65.1515151515152,,8.37,,,,
16,12,16.12,Hydrothermal,08/16/2024,05:30:00 PM,23.8,,,,186.7,191.290983606557,,8.84,,,,
15,12,15.12,River,08/16/2024,06:00:00 PM,20.1,,,,290,321.507760532151,,8.49,,,,
14,12,14.12,Stream,08/16/2024,06:30:00 PM,14.7,,,,79.2,99.7481108312343,,7.72,,,,
20,12,20.12,Stream,08/18/2024,08:47:00 AM,9.1,,,,216,316.715542521994,,8.34,,,,
19,12,19.12,Stream,08/18/2024,08:57:00 AM,9.7,,,,289,416.4265129683,,8.67,,,,
22,12,22.12,Stream,08/18/2024,09:44:00 AM,8.6,,,,122.7,182.589285714286,,8.05,,,,
38,12,38.12,Stream,08/18/2024,10:47:00 AM,10.7,,,,80.2,112.324929971989,,7.9,,,,
40,12,40.12,Stream,08/18/2024,12:04:00 PM,11.2,,,,44.1,60.9116022099448,,7.31,,,,
27,12,27.12,Stream,08/18/2024,01:09:00 PM,12,,,,47.7,64.4594594594595,,7.56,,,,
34,12,34.12,Glacial,08/18/2024,01:54:00 PM,8.2,,,,35.6,53.6144578313253,,7.42,,,,
30,12,30.12,Stream,08/18/2024,02:40:00 PM,21.1,,,,37.4,40.5639913232104,,7.75,,,,
5,12,5.12,Stream,08/18/2024,03:55:00 PM,20.8,,,,215,234.71615720524,,8.26,,,,
7,12,7.12,Stream,08/18/2024,05:18:00 PM,21.4,,,,197.1,212.39224137931,,8.6,,,,
39,12,39.12,Stream,08/18/2024,06:12:00 PM,13.1,,,,68.2,89.501312335958,,7.58,,,,
WP42,12,WP42.12,,08/19/2024,10:09:00 AM,16,,,,13.7,16.7073170731707,,7.11,,,,
WP43,12,WP43.12,,08/19/2024,10:52:00 AM,15.9,,,,19.7,24.0831295843521,,7.53,,,,
WP44,12,WP44.12,,08/19/2024,11:35:00 AM,16.8,,,,19.9,23.8038277511962,,7.37,,,,
WP41,12,WP41.12,,08/19/2024,12:24:00 PM,9.8,,,,18.8,27.0114942528736,,7.5,,,,
WP40,12,WP40.12,,08/19/2024,01:13:00 PM,7.6,,,,99.2,152.147239263804,,7.67,,,,
WP46,12,WP46.12,,08/19/2024,01:45:00 PM,18.2,,,,59,68.287037037037,,7.81,,,,
WP47,12,WP47.12,,08/19/2024,02:35:00 PM,11.2,,,,27.2,37.5690607734807,,7.09,,,,
WP48,12,WP48.12,,08/19/2024,02:48:00 PM,9.9,,,,47.6,68.1948424068768,,7.32,,,,
WP49,12,WP49.12,,08/19/2024,02:58:00 PM,10,,,,47.1,67.2857142857143,,7.23,,,,
WP33,12,WP33.12,,08/19/2024,03:09:00 PM,11.1,,,,47.1,65.2354570637119,,7.32,,,,
WP34,12,WP34.12,,08/19/2024,03:15:00 PM,15.5,,,,19.6,24.1975308641975,,7.1,,,,
WP36,12,WP36.12,,08/19/2024,03:58:00 PM,5.6,,,,45,73.5294117647059,,7.57,,,,
WP35,12,WP35.12,,08/19/2024,04:09:00 PM,5.5,,,,87.6,143.606557377049,,7.46,,,,
WP37,12,WP37.12,,08/19/2024,04:45:00 PM,13,,,,55.2,72.6315789473684,,7.14,,,,
WP50,12,WP50.12,,08/19/2024,04:56:00 PM,6.4,,,,79.8,127.070063694268,,7.61,,,,
WP51,12,WP51.12,,08/19/2024,05:02:00 PM,8.9,,,,63.4,93.5103244837758,,7.1,,,,
WP52,12,WP52.12,,08/19/2024,05:09:00 PM,9.5,,,,62.9,91.1594202898551,,7.12,,,,
WP53,12,WP53.12,,08/19/2024,05:15:00 PM,6.9,,,,70.4,110.344827586207,,7.35,,,,
WP38,12,WP38.12,,08/19/2024,05:27:00 PM,7.6,,,,70.2,107.668711656442,,7.44,,,,
1,12,,Lake.Outlet,08/20/2024,07:33:00 PM,17.2,,,,182.9,216.706161137441,,7.95,,,,
10,12,,Stream,08/20/2024,07:38:00 AM,12.8,,,,305,403.439153439153,,8.33,,,,
12,12,,Stream,08/20/2024,08:25:00 AM,10.7,,,,127.1,178.011204481793,,7.86,,,,
WP42,,,,09/23/2024,09:13:00 AM,6.2,,,,14.5,23.2371794871795,,7.17,,,,
WP70,,,,09/23/2024,09:52:00 AM,6.2,,,,18.2,29.1666666666667,,6.69,,,,
WP72,,,,09/23/2024,10:03:00 AM,7,,,,17.8,27.8125,,6.75,,,,
WP71,,,,09/23/2024,10:05:00 AM,4.1,,,,19.4,33.3333333333333,,6.76,,,,
WP43,,,,09/23/2024,10:22:00 AM,8,,,,18,27.2727272727273,,6.63,,,,
WP44,,,,09/23/2024,10:53:00 AM,6.5,,,,15.4,24.4444444444444,,6.42,,,,
WP73,,,,09/23/2024,11:19:00 AM,7.1,,,,15.9,24.7663551401869,,6.23,,,,
WP74,,,,09/23/2024,11:32:00 AM,7.1,,,,10.7,16.6666666666667,,6.68,,,,
WP75,,,,09/23/2024,12:21:00 PM,4.8,,,,79.7,133.724832214765,,6.4,,,,
WP76,,,,09/23/2024,12:59:00 PM,4.8,,,,20.4,34.2281879194631,,6.67,,,,
WP77,,,,09/23/2024,01:17:00 PM,8.7,,,,62.3,92.433234421365,,6.28,,,,
WP40,,,,09/23/2024,01:34:00 PM,3.3,,,,153.9,271.908127208481,,6.81,,,,
WP46,,,,09/23/2024,02:11:00 PM,12.5,,,,63.1,84.1333333333333,,7.42,,,,
WP47,,,,09/23/2024,03:02:00 PM,6.9,,,,21.8,34.1692789968652,,7.38,,,,
WP48,,,,09/23/2024,03:15:00 PM,5.1,,,,40.9,67.9401993355482,,6.63,,,,
WP78,,,,09/23/2024,03:36:00 PM,4.5,,,,40.6,68.8135593220339,,6.93,,,,
WP49,,,,09/23/2024,03:39:00 PM,5.1,,,,40.8,67.7740863787375,,6.77,,,,
WP79,,,,09/23/2024,03:42:00 PM,5.4,,,,40.8,67.1052631578947,,6.81,,,,
WP80,,,,09/23/2024,03:49:00 PM,7.6,,,,17.8,27.3006134969325,,6.45,,,,
WP33,,,,09/23/2024,03:56:00 PM,5.6,,,,40.5,66.1764705882353,,6.72,,,,
WP34,,,,09/23/2024,04:02:00 PM,7.5,,,,17.5,26.9230769230769,,6.79,,,,
WP35,,,,09/23/2024,04:39:00 PM,4.2,,,,70.7,121.061643835616,,7.02,,,,
WP36,,,,09/23/2024,05:02:00 PM,3.5,,,,55.2,96.8421052631579,,7.778,,,,
WP81,,,,09/23/2024,05:25:00 PM,8.7,,,,50.6,75.0741839762611,,7.23,,,,
WP37,,,,09/23/2024,05:34:00 PM,6.5,,,,41.5,65.8730158730159,,7.01,,,,
WP50,,,,09/23/2024,05:42:00 PM,4.3,,,,69.1,117.918088737201,,7.43,,,,
WP51,,,,09/23/2024,05:50:00 PM,7.2,,,,47.9,74.3788819875776,,7.15,,,,
WP52,,,,09/23/2024,05:56:00 PM,7.4,,,,49.9,77.0061728395062,,6.82,,,,
WP53,,,,09/23/2024,06:01:00 PM,4.8,,,,65.8,110.402684563758,,6.96,,,,
WP38,,,,09/23/2024,06:19:00 PM,4.8,,,,65.3,109.563758389262,,7.21,,,,
